User,Time,File,TrackErr,Correct,Answer,ScoreErr,Annoy,Difficulty,FreezeLen,MSE_0,MSE_1,MSE_2,MSE_3,Rot_0,Rot_1,Trans_0,Trans_1,Task,Index,Type,,,,,,,,,,464,,
1,2022-3-3-13:29:30,../QOE/FreezeTest/FreezeType_Reprojection/08A.txt,0,1,1,0,4,4,8,0.041849,0,0.040941,0.041609,0.021195,0.021195,0.001989,0.001989,1,1,Reprojection,,,,,,,,,,,,
1,2022-3-3-13:30:54,../QOE/FreezeTest/FreezeType_Reprojection/16B.txt,0,2,2,0,5,3,16,0.037918,0,0.038295,0.030319,0.023004,0.023004,0.00283,0.00283,1,2,Reprojection,,,,,,,,,,,,
1,2022-3-3-13:31:54,../QOE/FreezeTest/FreezeType_Reprojection/00A.txt,0,0,0,0,5,4,0,0,0,0,0,0,0,0,0,1,3,Reprojection,,,,,,,,,,,,
1,2022-3-3-13:32:29,../QOE/FreezeTest/FreezeType_Normal/16A.txt,0,3,3,0,4,4,16,0.010418,0.009701,0.024852,0.028615,0.004206,0.014762,0.000792,0.002127,1,4,Normal,,,,,,,,,,,,
1,2022-3-3-13:33:01,../QOE/FreezeTest/FreezeType_Normal/01A.txt,0,0,0,0,5,4,1,0.032394,0.031026,0.044429,0.027966,0.011706,0.011295,0.001052,0.001114,1,5,Normal,,,,,,,,,,,,
1,2022-3-3-13:34:08,../QOE/FreezeTest/FreezeType_Normal/04B.txt,0,1,0,1,5,3,4,0.030624,0.031065,0.041307,0.035206,0.017047,0.018127,0.001594,0.001971,1,6,Normal,,,,,,,,,,,,
1,2022-3-3-13:34:50,../QOE/FreezeTest/FreezeType_Reprojection/02A.txt,0,1,1,0,5,4,2,0.01743,0,0.018592,0.042163,0.007981,0.007981,0.000708,0.000708,1,7,Reprojection,,,,,,,,,,,,
1,2022-3-3-13:35:33,../QOE/FreezeTest/FreezeType_Normal/08B.txt,0,0,1,-1,4,4,8,0.007473,0.009752,0.045856,0.011217,0.003192,0.003232,0.001079,0.001212,1,8,Normal,,,,,,,,,,,,
1,2022-3-3-13:36:10,../QOE/FreezeTest/FreezeType_Normal/64B.txt,0,0,0,0,3,4,64,0.008829,0.008033,0.060472,0.016488,0.003442,0.006645,0.00159,0.001108,1,9,Normal,,,,,,,,,,,,
1,2022-3-3-13:36:41,../QOE/FreezeTest/FreezeType_Reprojection/04B.txt,0,0,0,0,5,3,4,0.034164,0,0.038333,0.055001,0.011844,0.011844,0.00118,0.00118,1,10,Reprojection,,,,,,,,,,,,
1,2022-3-3-13:37:11,../QOE/FreezeTest/FreezeType_Normal/32A.txt,0,0,0,0,4,4,32,0.015227,0.014847,0.03434,0.0228,0.012152,0.040842,0.002203,0.003677,1,11,Normal,,,,,,,,,,,,
1,2022-3-3-13:37:41,../QOE/FreezeTest/FreezeType_Reprojection/01B.txt,0,2,2,0,5,4,1,0.005922,0,0.005881,0.005565,0.002809,0.002809,0.000454,0.000454,1,12,Reprojection,,,,,,,,,,,,
1,2022-3-3-13:38:13,../QOE/FreezeTest/FreezeType_Normal/00A.txt,0,2,2,0,5,3,0,0,0,0,0,0,0,0,0,1,13,Normal,,,,,,,,,,,,
1,2022-3-3-13:38:47,../QOE/FreezeTest/FreezeType_Reprojection/64A.txt,0,2,1,1,3,4,64,0.006847,0,0.00819,0.023803,0.003647,0.003647,0.000266,0.000266,1,14,Reprojection,,,,,,,,,,,,
1,2022-3-3-13:39:17,../QOE/FreezeTest/FreezeType_Normal/02B.txt,0,1,1,0,5,4,2,0.024535,0.024076,0.035836,0.019013,0.009617,0.008885,0.000657,0.000593,1,15,Normal,,,,,,,,,,,,
1,2022-3-3-13:39:46,../QOE/FreezeTest/FreezeType_Reprojection/32A.txt,0,3,3,0,4,4,32,0.021818,0,0.023867,0.041976,0.008584,0.008584,0.000701,0.000701,1,16,Reprojection,,,,,,,,,,,,
2,2022-3-3-13:54:50,../QOE/FreezeTest/FreezeType_Reprojection/08A.txt,0,2,2,0,4,3,8,0.045341,0,0.04472,0.045415,0.022381,0.022381,0.002425,0.002425,1,1,Reprojection,,,,,,,,,,,,
2,2022-3-3-13:55:22,../QOE/FreezeTest/FreezeType_Reprojection/00A.txt,0,0,2,-2,3,4,0,0,0,0,0,0,0,0,0,1,2,Reprojection,,,,,,,,,,,,
2,2022-3-3-13:56:03,../QOE/FreezeTest/FreezeType_Normal/02B.txt,0,1,1,0,3,3,2,0.050641,0.052734,0.074286,0.054816,0.026347,0.028206,0.002495,0.002559,1,3,Normal,,,,,,,,,,,,
2,2022-3-3-13:56:32,../QOE/FreezeTest/FreezeType_Normal/00A.txt,0,3,3,0,4,4,0,0,0,0,0,0,0,0,0,1,4,Normal,,,,,,,,,,,,
2,2022-3-3-13:57:04,../QOE/FreezeTest/FreezeType_Normal/64B.txt,0,0,0,0,3,3,64,0.017397,0.020017,0.061397,0.0426,0.008724,0.017936,0.000789,0.001071,1,5,Normal,,,,,,,,,,,,
2,2022-3-3-13:57:43,../QOE/FreezeTest/FreezeType_Normal/32B.txt,0,0,0,0,3,2,32,0.027644,0.028322,0.047968,0.029295,0.010603,0.012432,0.000889,0.000732,1,6,Normal,,,,,,,,,,,,
2,2022-3-3-13:58:10,../QOE/FreezeTest/FreezeType_Reprojection/32B.txt,0,1,0,1,4,3,32,0.029364,0,0.037899,0.052927,0.042584,0.042584,0.004153,0.004153,1,7,Reprojection,,,,,,,,,,,,
2,2022-3-3-13:58:47,../QOE/FreezeTest/FreezeType_Normal/04B.txt,0,0,0,0,4,3,4,0.025455,0.025013,0.05193,0.022952,0.008389,0.007486,0.001024,0.00107,1,8,Normal,,,,,,,,,,,,
2,2022-3-3-13:59:13,../QOE/FreezeTest/FreezeType_Normal/08A.txt,0,2,2,0,5,4,8,0.023632,0.02192,0.052985,0.007621,0.007159,0.002692,0.001205,0.000529,1,9,Normal,,,,,,,,,,,,
2,2022-3-3-13:59:45,../QOE/FreezeTest/FreezeType_Reprojection/02A.txt,0,0,0,0,2,2,2,0.038443,0,0.039029,0.053685,0.015125,0.015125,0.001301,0.001301,1,10,Reprojection,,,,,,,,,,,,
2,2022-3-3-14:00:14,../QOE/FreezeTest/FreezeType_Reprojection/04B.txt,0,2,2,0,5,2,4,0.041871,0,0.038634,0.054016,0.01733,0.01733,0.001108,0.001108,1,11,Reprojection,,,,,,,,,,,,
2,2022-3-3-14:00:41,../QOE/FreezeTest/FreezeType_Reprojection/01B.txt,0,2,2,0,4,3,1,0.017144,0,0.019659,0.011728,0.004353,0.004353,0.001074,0.001074,1,12,Reprojection,,,,,,,,,,,,
2,2022-3-3-14:01:13,../QOE/FreezeTest/FreezeType_Normal/01B.txt,0,1,1,0,3,3,1,0.049469,0.048949,0.061369,0.048538,0.016382,0.01657,0.001372,0.00148,1,13,Normal,,,,,,,,,,,,
2,2022-3-3-14:01:44,../QOE/FreezeTest/FreezeType_Reprojection/16B.txt,0,2,1,1,4,3,16,0.044607,0,0.043727,0.056438,0.032285,0.032285,0.003221,0.003221,1,14,Reprojection,,,,,,,,,,,,
2,2022-3-3-14:02:11,../QOE/FreezeTest/FreezeType_Normal/16A.txt,0,2,2,0,3,4,16,0.041742,0.041252,0.058929,0.038715,0.027674,0.018187,0.001968,0.001313,1,15,Normal,,,,,,,,,,,,
2,2022-3-3-14:02:45,../QOE/FreezeTest/FreezeType_Reprojection/64A.txt,0,2,2,0,2,3,64,0.046947,0,0.046907,0.062033,0.03333,0.03333,0.00227,0.00227,1,16,Reprojection,,,,,,,,,,,,
3,2022-3-3-14:12:14,../QOE/FreezeTest/FreezeType_Reprojection/16A.txt,0,1,1,0,4,4,16,0.00088,0,0.002282,0.027703,0.000751,0.000751,0.000107,0.000107,1,1,Reprojection,,,,,,,,,,,,
3,2022-3-3-14:13:06,../QOE/FreezeTest/FreezeType_Normal/64A.txt,0,3,3,0,3,4,64,0.000921,0.000832,0.011455,0.000457,0.000791,0.000173,0.000356,0.000037,1,2,Normal,,,,,,,,,,,,
3,2022-3-3-14:13:48,../QOE/FreezeTest/FreezeType_Normal/32B.txt,0,2,1,1,2,4,32,0.015522,0.012418,0.107974,0.006547,0.003372,0.003418,0.000621,0.000861,1,3,Normal,,,,,,,,,,,,
3,2022-3-3-14:15:01,../QOE/FreezeTest/FreezeType_Reprojection/64A.txt,0,3,2,1,3,4,64,0.009266,0,0.010182,0.080284,0.003622,0.003622,0.000649,0.000649,1,4,Reprojection,,,,,,,,,,,,
3,2022-3-3-14:16:01,../QOE/FreezeTest/FreezeType_Normal/16A.txt,0,2,2,0,4,4,16,0.048854,0.048587,0.063644,0.037864,0.022074,0.017473,0.003007,0.003097,1,5,Normal,,,,,,,,,,,,
3,2022-3-3-14:16:30,../QOE/FreezeTest/FreezeType_Reprojection/08A.txt,0,1,1,0,5,4,8,0.022302,0,0.021517,0.023816,0.011433,0.011433,0.001181,0.001181,1,6,Reprojection,,,,,,,,,,,,
3,2022-3-3-14:17:08,../QOE/FreezeTest/FreezeType_Reprojection/01B.txt,0,2,2,0,5,4,1,0.037914,0,0.041595,0.042283,0.013881,0.013881,0.001954,0.001954,1,7,Reprojection,,,,,,,,,,,,
3,2022-3-3-14:17:32,../QOE/FreezeTest/FreezeType_Normal/08A.txt,0,1,1,0,5,5,8,0.036833,0.035611,0.03412,0.025616,0.014659,0.011164,0.002604,0.002031,1,8,Normal,,,,,,,,,,,,
3,2022-3-3-14:18:02,../QOE/FreezeTest/FreezeType_Reprojection/04A.txt,0,1,2,-1,5,4,4,0.033965,0,0.034568,0.031814,0.016972,0.016972,0.001779,0.001779,1,9,Reprojection,,,,,,,,,,,,
3,2022-3-3-14:18:25,../QOE/FreezeTest/FreezeType_Normal/02B.txt,0,0,0,0,5,4,2,0.024541,0.025851,0.031074,0.031769,0.027511,0.027062,0.004988,0.005221,1,10,Normal,,,,,,,,,,,,
3,2022-3-3-14:18:46,../QOE/FreezeTest/FreezeType_Reprojection/02B.txt,0,2,2,0,5,4,2,0.017452,0,0.01802,0.031837,0.007168,0.007168,0.000405,0.000405,1,11,Reprojection,,,,,,,,,,,,
3,2022-3-3-14:19:08,../QOE/FreezeTest/FreezeType_Normal/00A.txt,0,1,1,0,5,5,0,0,0,0,0,0,0,0,0,1,12,Normal,,,,,,,,,,,,
3,2022-3-3-14:19:29,../QOE/FreezeTest/FreezeType_Reprojection/00A.txt,0,0,0,0,5,5,0,0,0,0,0,0,0,0,0,1,13,Reprojection,,,,,,,,,,,,
3,2022-3-3-14:19:51,../QOE/FreezeTest/FreezeType_Normal/01B.txt,0,0,0,0,5,5,1,0.009361,0.012755,0.044355,0.038163,0.00601,0.008831,0.001531,0.001758,1,14,Normal,,,,,,,,,,,,
3,2022-3-3-14:20:12,../QOE/FreezeTest/FreezeType_Reprojection/32B.txt,0,1,1,0,5,5,32,0.039811,0,0.038015,0.056921,0.016348,0.016348,0.002016,0.002016,1,15,Reprojection,,,,,,,,,,,,
3,2022-3-3-14:20:33,../QOE/FreezeTest/FreezeType_Normal/04B.txt,0,1,1,0,5,5,4,0.038893,0.041134,0.042934,0.035116,0.019755,0.0225,0.00298,0.003367,1,16,Normal,,,,,,,,,,,,
4,2022-3-3-14:23:44,../QOE/FreezeTest/FreezeType_Normal/04B.txt,0,2,2,0,5,5,4,0.045466,0.045683,0.05095,0.049004,0.019771,0.020679,0.002561,0.002577,1,1,Normal,,,,,,,,,,,,
4,2022-3-3-14:24:03,../QOE/FreezeTest/FreezeType_Normal/01A.txt,0,0,0,0,5,5,1,0.022931,0.02286,0.02458,0.022444,0.030551,0.029049,0.00455,0.004093,1,2,Normal,,,,,,,,,,,,
4,2022-3-3-14:24:25,../QOE/FreezeTest/FreezeType_Reprojection/32B.txt,0,3,3,0,2,2,32,0.070531,0,0.074865,0.096063,0.057952,0.057952,0.006579,0.006579,1,3,Reprojection,,,,,,,,,,,,
4,2022-3-3-14:24:46,../QOE/FreezeTest/FreezeType_Normal/08B.txt,0,3,3,0,4,5,8,0.04309,0.043103,0.069031,0.049872,0.018953,0.023574,0.001269,0.002181,1,4,Normal,,,,,,,,,,,,
4,2022-3-3-14:25:05,../QOE/FreezeTest/FreezeType_Normal/64B.txt,0,0,0,0,1,3,64,0.051001,0.050613,0.077455,0.04494,0.03275,0.017142,0.003522,0.003817,1,5,Normal,,,,,,,,,,,,
4,2022-3-3-14:25:24,../QOE/FreezeTest/FreezeType_Reprojection/04A.txt,0,1,1,0,5,5,4,0.051751,0,0.052173,0.058493,0.040624,0.040624,0.00379,0.00379,1,6,Reprojection,,,,,,,,,,,,
4,2022-3-3-14:25:43,../QOE/FreezeTest/FreezeType_Normal/32B.txt,0,0,0,0,1,5,32,0.06201,0.064668,0.070735,0.049314,0.065722,0.016802,0.006507,0.002394,1,7,Normal,,,,,,,,,,,,
4,2022-3-3-14:26:03,../QOE/FreezeTest/FreezeType_Normal/00A.txt,0,1,1,0,5,5,0,0,0,0,0,0,0,0,0,1,8,Normal,,,,,,,,,,,,
4,2022-3-3-14:26:23,../QOE/FreezeTest/FreezeType_Normal/16B.txt,0,3,3,0,2,4,16,0.037988,0.039174,0.070975,0.059987,0.025163,0.033728,0.002366,0.002551,1,9,Normal,,,,,,,,,,,,
4,2022-3-3-14:26:44,../QOE/FreezeTest/FreezeType_Reprojection/01B.txt,0,1,1,0,5,2,1,0.043714,0,0.043458,0.043755,0.021686,0.021686,0.00061,0.00061,1,10,Reprojection,,,,,,,,,,,,
4,2022-3-3-14:27:03,../QOE/FreezeTest/FreezeType_Normal/02B.txt,0,3,3,0,5,4,2,0.021421,0.022067,0.027202,0.024988,0.030387,0.02541,0.002335,0.002235,1,11,Normal,,,,,,,,,,,,
4,2022-3-3-14:27:23,../QOE/FreezeTest/FreezeType_Reprojection/64A.txt,0,1,1,0,2,3,64,0.059579,0,0.053979,0.086884,0.020153,0.020153,0.002313,0.002313,1,12,Reprojection,,,,,,,,,,,,
4,2022-3-3-14:27:42,../QOE/FreezeTest/FreezeType_Reprojection/08A.txt,0,2,2,0,5,3,8,0.029411,0,0.021514,0.02468,0.037821,0.037821,0.002304,0.002304,1,13,Reprojection,,,,,,,,,,,,
4,2022-3-3-14:28:00,../QOE/FreezeTest/FreezeType_Reprojection/16B.txt,0,0,0,0,4,4,16,0.040337,0,0.043554,0.049497,0.019451,0.019451,0.00326,0.00326,1,14,Reprojection,,,,,,,,,,,,
4,2022-3-3-14:28:29,../QOE/FreezeTest/FreezeType_Reprojection/02A.txt,0,1,0,1,5,3,2,0.040202,0,0.038503,0.028815,0.02267,0.02267,0.002489,0.002489,1,15,Reprojection,,,,,,,,,,,,
4,2022-3-3-14:28:48,../QOE/FreezeTest/FreezeType_Reprojection/00A.txt,0,1,1,0,5,5,0,0,0,0,0,0,0,0,0,1,16,Reprojection,,,,,,,,,,,,
5,2022-3-3-15:27:21,../QOE/FreezeTest/FreezeType_Reprojection/16A.txt,0,1,5,-4,5,4,16,0.052725,0,0.0544,0.087073,0.018033,0.018033,0.003712,0.003712,1,1,Reprojection,,,,,,,,,,,,
5,2022-3-3-15:27:50,../QOE/FreezeTest/FreezeType_Reprojection/64A.txt,0,0,1,-1,5,5,64,0.036156,0,0.035457,0.049502,0.01502,0.01502,0.003343,0.003343,1,2,Reprojection,,,,,,,,,,,,
5,2022-3-3-15:28:16,../QOE/FreezeTest/FreezeType_Reprojection/02A.txt,0,0,0,0,5,5,2,0.044046,0,0.041063,0.051149,0.014925,0.014925,0.001984,0.001984,1,3,Reprojection,,,,,,,,,,,,
5,2022-3-3-15:28:48,../QOE/FreezeTest/FreezeType_Normal/02B.txt,0,2,2,0,5,5,2,0.024952,0.024035,0.028942,0.027019,0.011851,0.012504,0.001779,0.001854,1,4,Normal,,,,,,,,,,,,
5,2022-3-3-15:29:15,../QOE/FreezeTest/FreezeType_Reprojection/00A.txt,0,1,1,0,5,5,0,0,0,0,0,0,0,0,0,1,5,Reprojection,,,,,,,,,,,,
5,2022-3-3-15:29:44,../QOE/FreezeTest/FreezeType_Reprojection/01B.txt,0,0,0,0,5,5,1,0.028367,0,0.028459,0.028789,0.029065,0.029065,0.002619,0.002619,1,6,Reprojection,,,,,,,,,,,,
5,2022-3-3-15:30:10,../QOE/FreezeTest/FreezeType_Normal/08B.txt,0,1,1,0,4,5,8,0.008869,0.010165,0.102125,0.043233,0.005712,0.013904,0.001357,0.000431,1,7,Normal,,,,,,,,,,,,
5,2022-3-3-15:30:42,../QOE/FreezeTest/FreezeType_Normal/00A.txt,0,1,6,-5,4,5,0,0,0,0,0,0,0,0,0,1,8,Normal,,,,,,,,,,,,
5,2022-3-3-15:31:07,../QOE/FreezeTest/FreezeType_Reprojection/04A.txt,0,1,1,0,4,5,4,0.011571,0,0.010961,0.039749,0.003527,0.003527,0.000275,0.000275,1,9,Reprojection,,,,,,,,,,,,
5,2022-3-3-15:31:32,../QOE/FreezeTest/FreezeType_Normal/01B.txt,0,2,1,1,5,5,1,0.027718,0.025948,0.033368,0.023629,0.00879,0.008782,0.001172,0.001102,1,10,Normal,,,,,,,,,,,,
5,2022-3-3-15:32:02,../QOE/FreezeTest/FreezeType_Normal/04B.txt,0,1,1,0,5,5,4,0.046704,0.04835,0.073088,0.067015,0.022494,0.026742,0.002623,0.003824,1,11,Normal,,,,,,,,,,,,
5,2022-3-3-15:32:29,../QOE/FreezeTest/FreezeType_Normal/16B.txt,0,1,1,0,5,5,16,0.022013,0.02027,0.054293,0.039337,0.006442,0.013027,0.001722,0.002344,1,12,Normal,,,,,,,,,,,,
5,2022-3-3-15:32:55,../QOE/FreezeTest/FreezeType_Normal/32A.txt,0,1,1,0,5,5,32,0.034905,0.035123,0.028892,0.033032,0.024105,0.018527,0.001525,0.000978,1,13,Normal,,,,,,,,,,,,
5,2022-3-3-15:33:21,../QOE/FreezeTest/FreezeType_Normal/64B.txt,0,1,1,0,5,4,64,0.050663,0.050337,0.053055,0.039083,0.036946,0.019412,0.001519,0.003744,1,14,Normal,,,,,,,,,,,,
5,2022-3-3-15:33:48,../QOE/FreezeTest/FreezeType_Reprojection/32A.txt,0,0,0,0,4,5,32,0.023914,0,0.025837,0.063735,0.00967,0.00967,0.001141,0.001141,1,15,Reprojection,,,,,,,,,,,,
5,2022-3-3-15:34:14,../QOE/FreezeTest/FreezeType_Reprojection/08B.txt,0,1,1,0,5,5,8,0.022707,0,0.026776,0.065732,0.008833,0.008833,0.002282,0.002282,1,16,Reprojection,,,,,,,,,,,,
6,2022-3-3-14:4:38,../QOE/FreezeTest/FreezeType_Normal/02A.txt,0,2,1,1,5,5,2,0.003133,0.002869,0.007814,0.002739,0.001545,0.001515,0.000602,0.000577,1,1,Normal,,,,,,,,,,,,
6,2022-3-3-14:5:24,../QOE/FreezeTest/FreezeType_Normal/32A.txt,0,0,0,0,5,5,32,0.04552,0.045846,0.035852,0.014291,0.020376,0.004633,0.001212,0.001103,1,2,Normal,,,,,,,,,,,,
6,2022-3-3-14:5:50,../QOE/FreezeTest/FreezeType_Normal/00A.txt,0,1,1,0,5,5,0,0,0,0,0,0,0,0,0,1,3,Normal,,,,,,,,,,,,
6,2022-3-3-14:6:27,../QOE/FreezeTest/FreezeType_Reprojection/32A.txt,0,0,0,0,5,5,32,0.014611,0,0.017805,0.077907,0.009138,0.009138,0.00057,0.00057,1,4,Reprojection,,,,,,,,,,,,
6,2022-3-3-14:6:53,../QOE/FreezeTest/FreezeType_Normal/08A.txt,0,0,0,0,5,5,8,0.047192,0.046988,0.040307,0.039714,0.023267,0.011423,0.001522,0.001464,1,5,Normal,,,,,,,,,,,,
6,2022-3-3-14:7:17,../QOE/FreezeTest/FreezeType_Reprojection/04B.txt,0,2,2,0,5,5,4,0.034775,0,0.039133,0.053098,0.034569,0.034569,0.003981,0.003981,1,6,Reprojection,,,,,,,,,,,,
6,2022-3-3-14:8:41,../QOE/FreezeTest/FreezeType_Normal/64A.txt,0,1,1,0,2,2,64,0.064703,0.06537,0.092514,0.008577,0.045728,0.00274,0.003902,0.000489,1,7,Normal,,,,,,,,,,,,
6,2022-3-3-14:9:11,../QOE/FreezeTest/FreezeType_Reprojection/02A.txt,0,0,0,0,5,5,2,0.004775,0,0.005091,0.017571,0.001903,0.001903,0.000493,0.000493,1,8,Reprojection,,,,,,,,,,,,
6,2022-3-3-14:9:44,../QOE/FreezeTest/FreezeType_Normal/01B.txt,0,1,2,-1,5,5,1,0.057571,0.059455,0.09583,0.058839,0.018487,0.018641,0.001998,0.001983,1,9,Normal,,,,,,,,,,,,
6,2022-3-3-14:11:12,../QOE/FreezeTest/FreezeType_Reprojection/01B.txt,0,1,0,1,5,5,1,0.044388,0,0.038617,0.034353,0.016164,0.016164,0.002144,0.002144,1,10,Reprojection,,,,,,,,,,,,
6,2022-3-3-14:11:39,../QOE/FreezeTest/FreezeType_Normal/16B.txt,0,2,2,0,3,5,16,0.057093,0.057518,0.067412,0.043496,0.030596,0.013475,0.001768,0.001175,1,11,Normal,,,,,,,,,,,,
6,2022-3-3-14:12:1,../QOE/FreezeTest/FreezeType_Reprojection/00A.txt,0,0,0,0,5,5,0,0,0,0,0,0,0,0,0,1,12,Reprojection,,,,,,,,,,,,
6,2022-3-3-14:12:22,../QOE/FreezeTest/FreezeType_Reprojection/08B.txt,0,0,0,0,5,5,8,0.01178,0,0.011419,0.028747,0.003988,0.003988,0.000482,0.000482,1,13,Reprojection,,,,,,,,,,,,
6,2022-3-3-14:12:55,../QOE/FreezeTest/FreezeType_Reprojection/64B.txt,0,1,1,0,3,5,64,0.005323,0,0.019833,0.057562,0.003253,0.003253,0.000359,0.000359,1,14,Reprojection,,,,,,,,,,,,
6,2022-3-3-14:13:22,../QOE/FreezeTest/FreezeType_Normal/04B.txt,0,1,1,0,5,5,4,0.047347,0.045374,0.045991,0.038537,0.01881,0.017464,0.00151,0.001745,1,15,Normal,,,,,,,,,,,,
6,2022-3-3-14:13:47,../QOE/FreezeTest/FreezeType_Reprojection/16B.txt,0,2,2,0,5,5,16,0.042061,0,0.034807,0.084127,0.012717,0.012717,0.002399,0.002399,1,16,Reprojection,,,,,,,,,,,,
7,2022-3-4-8:50:40,../QOE/FreezeTest/FreezeType_Normal/02A.txt,0,2,1,1,5,5,2,0.022015,0.032451,0.047469,0.054892,0.012086,0.018002,0.001404,0.002024,1,1,Normal,,,,,,,,,,,,
7,2022-3-4-8:51:12,../QOE/FreezeTest/FreezeType_Normal/04A.txt,0,1,1,0,5,4,4,0.024795,0.02391,0.023962,0.023362,0.010311,0.010436,0.001163,0.001188,1,2,Normal,,,,,,,,,,,,
7,2022-3-4-8:51:47,../QOE/FreezeTest/FreezeType_Normal/16B.txt,0,4,3,1,5,4,16,0.044342,0.041726,0.043507,0.027131,0.030812,0.014888,0.00281,0.001966,1,3,Normal,,,,,,,,,,,,
7,2022-3-4-8:52:17,../QOE/FreezeTest/FreezeType_Normal/32B.txt,0,1,1,0,4,4,32,0.027601,0.029358,0.028755,0.035805,0.018506,0.025267,0.001154,0.000355,1,4,Normal,,,,,,,,,,,,
7,2022-3-4-8:52:42,../QOE/FreezeTest/FreezeType_Normal/64A.txt,0,3,2,1,3,3,64,0.073982,0.077493,0.09624,0.02977,0.040355,0.009237,0.004453,0.000235,1,5,Normal,,,,,,,,,,,,
7,2022-3-4-8:53:22,../QOE/FreezeTest/FreezeType_Reprojection/32A.txt,0,3,3,0,4,3,32,0.031358,0,0.028574,0.028855,0.030959,0.030959,0.002125,0.002125,1,6,Reprojection,,,,,,,,,,,,
7,2022-3-4-8:53:53,../QOE/FreezeTest/FreezeType_Normal/08A.txt,0,1,1,0,5,3,8,0.027992,0.027429,0.027641,0.033786,0.015034,0.025066,0.00318,0.000807,1,7,Normal,,,,,,,,,,,,
7,2022-3-4-8:54:18,../QOE/FreezeTest/FreezeType_Reprojection/64A.txt,0,1,1,0,3,3,64,0.056039,0,0.057086,0.104901,0.02175,0.02175,0.003399,0.003399,1,8,Reprojection,,,,,,,,,,,,
7,2022-3-4-8:54:46,../QOE/FreezeTest/FreezeType_Reprojection/08A.txt,0,1,1,0,5,3,8,0.032305,0,0.030558,0.027698,0.029948,0.029948,0.001453,0.001453,1,9,Reprojection,,,,,,,,,,,,
7,2022-3-4-8:55:14,../QOE/FreezeTest/FreezeType_Reprojection/04B.txt,0,2,2,0,5,4,4,0.050102,0,0.050725,0.102571,0.016647,0.016647,0.001729,0.001729,1,10,Reprojection,,,,,,,,,,,,
7,2022-3-4-8:55:42,../QOE/FreezeTest/FreezeType_Reprojection/01A.txt,0,1,1,0,5,4,1,0.050006,0,0.054139,0.056015,0.025671,0.025671,0.002607,0.002607,1,11,Reprojection,,,,,,,,,,,,
7,2022-3-4-8:56:3,../QOE/FreezeTest/FreezeType_Reprojection/16B.txt,0,1,1,0,5,4,16,0.039502,0,0.038625,0.026602,0.024448,0.024448,0.000905,0.000905,1,12,Reprojection,,,,,,,,,,,,
7,2022-3-4-8:56:37,../QOE/FreezeTest/FreezeType_Reprojection/00A.txt,0,1,1,0,5,4,0,0,0,0,0,0,0,0,0,1,13,Reprojection,,,,,,,,,,,,
7,2022-3-4-8:56:58,../QOE/FreezeTest/FreezeType_Normal/00A.txt,0,1,1,0,5,4,0,0,0,0,0,0,0,0,0,1,14,Normal,,,,,,,,,,,,
7,2022-3-4-8:57:18,../QOE/FreezeTest/FreezeType_Reprojection/02A.txt,0,2,2,0,5,4,2,0.09548,0,0.098057,0.113348,0.055738,0.055738,0.005568,0.005568,1,15,Reprojection,,,,,,,,,,,,
7,2022-3-4-8:57:37,../QOE/FreezeTest/FreezeType_Normal/01A.txt,0,1,1,0,5,4,1,0.040001,0.040308,0.050213,0.041969,0.022265,0.022529,0.003142,0.003138,1,16,Normal,,,,,,,,,,,,
8,2022-3-4-9:7:10,../QOE/FreezeTest/FreezeType_Normal/02A.txt,0,1,1,0,5,4,2,0.012241,0.011319,0.028064,0.008053,0.003474,0.003193,0.000975,0.001256,1,1,Normal,,,,,,,,,,,,
8,2022-3-4-9:7:37,../QOE/FreezeTest/FreezeType_Reprojection/16A.txt,0,0,0,0,5,5,16,0.020429,0,0.02057,0.07276,0.006108,0.006108,0.000494,0.000494,1,2,Reprojection,,,,,,,,,,,,
8,2022-3-4-9:8:3,../QOE/FreezeTest/FreezeType_Reprojection/04A.txt,0,3,2,1,5,4,4,0.04516,0,0.045129,0.048605,0.03803,0.03803,0.002666,0.002666,1,3,Reprojection,,,,,,,,,,,,
8,2022-3-4-9:8:31,../QOE/FreezeTest/FreezeType_Normal/32B.txt,0,2,2,0,3,4,32,0.047846,0.045934,0.093977,0.056056,0.039263,0.034671,0.006018,0.005245,1,4,Normal,,,,,,,,,,,,
8,2022-3-4-9:8:57,../QOE/FreezeTest/FreezeType_Normal/16B.txt,0,2,2,0,3,3,16,0.056431,0.057783,0.110901,0.058622,0.02277,0.03032,0.002051,0.003365,1,5,Normal,,,,,,,,,,,,
8,2022-3-4-9:9:20,../QOE/FreezeTest/FreezeType_Normal/04A.txt,0,1,1,0,4,3,4,0.022003,0.023249,0.030739,0.026731,0.02325,0.0165,0.001965,0.001911,1,6,Normal,,,,,,,,,,,,
8,2022-3-4-9:9:43,../QOE/FreezeTest/FreezeType_Normal/01B.txt,0,4,4,0,5,3,1,0.068445,0.066318,0.082187,0.062842,0.027081,0.026361,0.002643,0.002682,1,7,Normal,,,,,,,,,,,,
8,2022-3-4-9:10:4,../QOE/FreezeTest/FreezeType_Reprojection/00A.txt,0,0,0,0,5,3,0,0,0,0,0,0,0,0,0,1,8,Reprojection,,,,,,,,,,,,
8,2022-3-4-9:10:25,../QOE/FreezeTest/FreezeType_Reprojection/32A.txt,0,1,1,0,4,3,32,0.042325,0,0.04029,0.098269,0.013927,0.013927,0.002048,0.002048,1,9,Reprojection,,,,,,,,,,,,
8,2022-3-4-9:10:49,../QOE/FreezeTest/FreezeType_Normal/08A.txt,0,2,2,0,5,3,8,0.049181,0.048797,0.055049,0.052687,0.026377,0.026962,0.000994,0.0011,1,10,Normal,,,,,,,,,,,,
8,2022-3-4-9:11:11,../QOE/FreezeTest/FreezeType_Normal/00A.txt,0,2,2,0,5,4,0,0,0,0,0,0,0,0,0,1,11,Normal,,,,,,,,,,,,
8,2022-3-4-9:11:37,../QOE/FreezeTest/FreezeType_Reprojection/64B.txt,0,1,1,0,3,3,64,0.040082,0,0.040223,0.086542,0.013038,0.013038,0.001964,0.001964,1,12,Reprojection,,,,,,,,,,,,
8,2022-3-4-9:11:58,../QOE/FreezeTest/FreezeType_Normal/64B.txt,0,2,2,0,2,2,64,0.016821,0.015255,0.105809,0.021609,0.005522,0.006184,0.000845,0.001587,1,13,Normal,,,,,,,,,,,,
8,2022-3-4-9:12:18,../QOE/FreezeTest/FreezeType_Reprojection/08B.txt,0,1,1,0,5,3,8,0.026192,0,0.030483,0.089943,0.012691,0.012691,0.001641,0.001641,1,14,Reprojection,,,,,,,,,,,,
8,2022-3-4-9:12:42,../QOE/FreezeTest/FreezeType_Reprojection/02A.txt,0,2,2,0,5,3,2,0.038153,0,0.035888,0.058855,0.012196,0.012196,0.002557,0.002557,1,15,Reprojection,,,,,,,,,,,,
8,2022-3-4-9:13:32,../QOE/FreezeTest/FreezeType_Reprojection/01B.txt,0,0,0,0,5,3,1,0.002206,0,0.001565,0.00078,0.000832,0.000832,0.000261,0.000261,1,16,Reprojection,,,,,,,,,,,,
9,2022-3-4-9:39:39,../QOE/FreezeTest/FreezeType_Reprojection/01A.txt,0,1,1,0,4,5,1,0.004763,0,0.004267,0.003814,0.001969,0.001969,0.000415,0.000415,1,1,Reprojection,,,,,,,,,,,,
9,2022-3-4-9:40:6,../QOE/FreezeTest/FreezeType_Normal/02B.txt,0,0,0,0,5,5,2,0.024708,0.020627,0.047974,0.017622,0.005665,0.005634,0.000383,0.000213,1,2,Normal,,,,,,,,,,,,
9,2022-3-4-9:40:34,../QOE/FreezeTest/FreezeType_Reprojection/08A.txt,0,1,1,0,4,5,8,0.020482,0,0.026092,0.102359,0.009794,0.009794,0.000636,0.000636,1,3,Reprojection,,,,,,,,,,,,
9,2022-3-4-9:40:58,../QOE/FreezeTest/FreezeType_Reprojection/64A.txt,0,1,1,0,4,4,64,0.005871,0,0.010492,0.035016,0.004221,0.004221,0.000496,0.000496,1,4,Reprojection,,,,,,,,,,,,
9,2022-3-4-9:41:33,../QOE/FreezeTest/FreezeType_Normal/04B.txt,0,2,2,0,5,3,4,0.058335,0.058901,0.06335,0.057924,0.024889,0.027553,0.003461,0.00298,1,5,Normal,,,,,,,,,,,,
9,2022-3-4-9:41:55,../QOE/FreezeTest/FreezeType_Normal/08A.txt,0,2,2,0,5,4,8,0.01646,0.021595,0.117051,0.063692,0.011131,0.02436,0.001922,0.003277,1,6,Normal,,,,,,,,,,,,
9,2022-3-4-9:42:22,../QOE/FreezeTest/FreezeType_Normal/64B.txt,0,0,0,0,3,4,64,0.029871,0.031683,0.022195,0.019124,0.025731,0.012331,0.001258,0.00217,1,7,Normal,,,,,,,,,,,,
9,2022-3-4-9:42:46,../QOE/FreezeTest/FreezeType_Normal/01B.txt,0,0,0,0,5,4,1,0.027891,0.026784,0.029307,0.026839,0.014705,0.014655,0.003225,0.003727,1,8,Normal,,,,,,,,,,,,
9,2022-3-4-9:43:9,../QOE/FreezeTest/FreezeType_Reprojection/04B.txt,0,3,3,0,4,4,4,0.042029,0,0.042827,0.050353,0.013522,0.013522,0.002255,0.002255,1,9,Reprojection,,,,,,,,,,,,
9,2022-3-4-9:43:30,../QOE/FreezeTest/FreezeType_Normal/00A.txt,0,1,1,0,5,5,0,0,0,0,0,0,0,0,0,1,10,Normal,,,,,,,,,,,,
9,2022-3-4-9:43:52,../QOE/FreezeTest/FreezeType_Reprojection/32B.txt,0,3,2,1,3,4,32,0.051967,0,0.0584,0.120033,0.021101,0.021101,0.003384,0.003384,1,11,Reprojection,,,,,,,,,,,,
9,2022-3-4-9:44:13,../QOE/FreezeTest/FreezeType_Reprojection/00A.txt,0,3,3,0,5,4,0,0,0,0,0,0,0,0,0,1,12,Reprojection,,,,,,,,,,,,
9,2022-3-4-9:44:34,../QOE/FreezeTest/FreezeType_Normal/32A.txt,0,0,0,0,3,3,32,0.042624,0.044661,0.108783,0.048976,0.019943,0.021133,0.002385,0.005247,1,13,Normal,,,,,,,,,,,,
9,2022-3-4-9:44:55,../QOE/FreezeTest/FreezeType_Reprojection/02B.txt,0,0,0,0,5,4,2,0.018733,0,0.021364,0.036318,0.004599,0.004599,0.001445,0.001445,1,14,Reprojection,,,,,,,,,,,,
9,2022-3-4-9:45:20,../QOE/FreezeTest/FreezeType_Normal/16A.txt,0,0,0,0,4,4,16,0.049983,0.051943,0.091078,0.027683,0.025265,0.014542,0.00428,0.002491,1,15,Normal,,,,,,,,,,,,
9,2022-3-4-9:45:41,../QOE/FreezeTest/FreezeType_Reprojection/16B.txt,0,4,4,0,5,3,16,0.037164,0,0.038225,0.130893,0.009291,0.009291,0.004084,0.004084,1,16,Reprojection,,,,,,,,,,,,
10,2022-3-4-10:4:31,../QOE/FreezeTest/FreezeType_Reprojection/16A.txt,0,0,0,0,5,5,16,0.056349,0,0.052508,0.042996,0.031233,0.031233,0.002073,0.002073,1,1,Reprojection,,,,,,,,,,,,
10,2022-3-4-10:4:59,../QOE/FreezeTest/FreezeType_Reprojection/04B.txt,0,1,1,0,5,5,4,0.005016,0,0.009153,0.054046,0.00269,0.00269,0.000759,0.000759,1,2,Reprojection,,,,,,,,,,,,
10,2022-3-4-10:5:30,../QOE/FreezeTest/FreezeType_Normal/64A.txt,0,1,1,0,4,5,64,0.031442,0.033871,0.064266,0.032663,0.035187,0.009317,0.00496,0.00283,1,3,Normal,,,,,,,,,,,,
10,2022-3-4-10:6:3,../QOE/FreezeTest/FreezeType_Reprojection/32B.txt,0,0,0,0,4,4,32,0.041839,0,0.039957,0.064612,0.01128,0.01128,0.001247,0.001247,1,4,Reprojection,,,,,,,,,,,,
10,2022-3-4-10:6:33,../QOE/FreezeTest/FreezeType_Reprojection/02A.txt,0,1,1,0,5,4,2,0.0684,0,0.066597,0.053878,0.083448,0.083448,0.007416,0.007416,1,5,Reprojection,,,,,,,,,,,,
10,2022-3-4-10:7:2,../QOE/FreezeTest/FreezeType_Normal/01A.txt,0,2,2,0,5,3,1,0.036411,0.038283,0.057987,0.038442,0.012487,0.012481,0.002214,0.002112,1,6,Normal,,,,,,,,,,,,
10,2022-3-4-10:7:28,../QOE/FreezeTest/FreezeType_Normal/16B.txt,0,2,2,0,4,3,16,0.019716,0.017252,0.027148,0.026235,0.006618,0.01398,0.002267,0.001395,1,7,Normal,,,,,,,,,,,,
10,2022-3-4-10:7:53,../QOE/FreezeTest/FreezeType_Normal/08A.txt,0,0,0,0,4,4,8,0.043976,0.04661,0.064166,0.05655,0.047817,0.033517,0.003266,0.003457,1,8,Normal,,,,,,,,,,,,
10,2022-3-4-10:8:25,../QOE/FreezeTest/FreezeType_Reprojection/08B.txt,0,2,2,0,5,3,8,0.055309,0,0.055706,0.073162,0.033976,0.033976,0.003238,0.003238,1,9,Reprojection,,,,,,,,,,,,
10,2022-3-4-10:8:56,../QOE/FreezeTest/FreezeType_Normal/00A.txt,0,4,3,1,5,2,0,0,0,0,0,0,0,0,0,1,10,Normal,,,,,,,,,,,,
10,2022-3-4-10:9:24,../QOE/FreezeTest/FreezeType_Normal/02B.txt,0,2,2,0,5,4,2,0.038895,0.039564,0.074495,0.03306,0.011168,0.008671,0.001422,0.001729,1,11,Normal,,,,,,,,,,,,
10,2022-3-4-10:9:48,../QOE/FreezeTest/FreezeType_Normal/32B.txt,0,1,1,0,4,4,32,0.017361,0.014811,0.051975,0.013346,0.003802,0.005637,0.001712,0.001483,1,12,Normal,,,,,,,,,,,,
10,2022-3-4-10:10:15,../QOE/FreezeTest/FreezeType_Normal/04A.txt,0,0,0,0,5,4,4,0.048669,0.049102,0.047645,0.043993,0.023028,0.025906,0.00405,0.003771,1,13,Normal,,,,,,,,,,,,
10,2022-3-4-10:10:47,../QOE/FreezeTest/FreezeType_Reprojection/64B.txt,0,1,1,0,3,4,64,0.017021,0,0.017368,0.03796,0.032541,0.032541,0.002389,0.002389,1,14,Reprojection,,,,,,,,,,,,
10,2022-3-4-10:11:11,../QOE/FreezeTest/FreezeType_Reprojection/01A.txt,0,1,1,0,5,4,1,0.035651,0,0.036697,0.03867,0.051226,0.051226,0.006687,0.006687,1,15,Reprojection,,,,,,,,,,,,
10,2022-3-4-10:11:34,../QOE/FreezeTest/FreezeType_Reprojection/00A.txt,0,2,2,0,5,4,0,0,0,0,0,0,0,0,0,1,16,Reprojection,,,,,,,,,,,,
11,2022-3-4-15:56:7,../QOE/FreezeTest/FreezeType_Reprojection/08B.txt,0,1,1,0,4,5,8,0.031419,0,0.03027,0.024753,0.014764,0.014764,0.001275,0.001275,1,1,Reprojection,,,,,,,,,,,,
11,2022-3-4-15:56:42,../QOE/FreezeTest/FreezeType_Normal/01A.txt,0,1,1,0,5,4,1,0.043428,0.042165,0.02661,0.039082,0.018253,0.017642,0.001,0.001044,1,2,Normal,,,,,,,,,,,,
11,2022-3-4-15:57:11,../QOE/FreezeTest/FreezeType_Reprojection/32B.txt,0,1,1,0,3,4,32,0.05985,0,0.060865,0.077135,0.024449,0.024449,0.002874,0.002874,1,3,Reprojection,,,,,,,,,,,,
11,2022-3-4-15:57:41,../QOE/FreezeTest/FreezeType_Normal/64A.txt,0,0,0,0,1,3,64,0.039171,0.040372,0.060101,0.014039,0.016337,0.00396,0.002262,0.000958,1,4,Normal,,,,,,,,,,,,
11,2022-3-4-15:58:22,../QOE/FreezeTest/FreezeType_Normal/32B.txt,0,1,1,0,3,4,32,0.021738,0.020914,0.022525,0.006776,0.008847,0.003094,0.000666,0.00054,1,5,Normal,,,,,,,,,,,,
11,2022-3-4-15:58:48,../QOE/FreezeTest/FreezeType_Reprojection/04A.txt,0,2,2,0,5,5,4,0.026764,0,0.030849,0.072037,0.011033,0.011033,0.001161,0.001161,1,6,Reprojection,,,,,,,,,,,,
11,2022-3-4-15:59:32,../QOE/FreezeTest/FreezeType_Reprojection/16B.txt,0,1,1,0,3,4,16,0.004838,0,0.008814,0.050149,0.002668,0.002668,0.0013,0.0013,1,7,Reprojection,,,,,,,,,,,,
11,2022-3-4-15:59:57,../QOE/FreezeTest/FreezeType_Normal/02B.txt,0,3,3,0,5,5,2,0.050126,0.052353,0.068362,0.05567,0.020324,0.021137,0.002596,0.002637,1,8,Normal,,,,,,,,,,,,
11,2022-3-4-16:0:34,../QOE/FreezeTest/FreezeType_Reprojection/00A.txt,0,1,3,-2,4,4,0,0,0,0,0,0,0,0,0,1,9,Reprojection,,,,,,,,,,,,
11,2022-3-4-16:1:2,../QOE/FreezeTest/FreezeType_Reprojection/64B.txt,0,2,2,0,2,3,64,0.048842,0,0.04749,0.078486,0.018325,0.018325,0.002101,0.002101,1,10,Reprojection,,,,,,,,,,,,
11,2022-3-4-16:1:30,../QOE/FreezeTest/FreezeType_Normal/00A.txt,0,2,2,0,5,5,0,0,0,0,0,0,0,0,0,1,11,Normal,,,,,,,,,,,,
11,2022-3-4-16:1:59,../QOE/FreezeTest/FreezeType_Reprojection/01B.txt,0,1,1,0,5,4,1,0.038592,0,0.034609,0.034889,0.00949,0.00949,0.001243,0.001243,1,12,Reprojection,,,,,,,,,,,,
11,2022-3-4-16:2:26,../QOE/FreezeTest/FreezeType_Normal/04A.txt,0,1,1,0,2,4,4,0.036228,0.035861,0.078898,0.03437,0.012805,0.01298,0.002323,0.002293,1,13,Normal,,,,,,,,,,,,
11,2022-3-4-16:3:1,../QOE/FreezeTest/FreezeType_Reprojection/02A.txt,0,1,1,0,3,3,2,0.025422,0,0.023306,0.040485,0.008945,0.008945,0.001544,0.001544,1,14,Reprojection,,,,,,,,,,,,
11,2022-3-4-16:3:28,../QOE/FreezeTest/FreezeType_Normal/16A.txt,0,1,1,0,3,4,16,0.033915,0.033741,0.080388,0.009293,0.012539,0.004023,0.002004,0.000836,1,15,Normal,,,,,,,,,,,,
11,2022-3-4-16:3:54,../QOE/FreezeTest/FreezeType_Normal/08A.txt,0,0,0,0,1,3,8,0.043249,0.043461,0.102583,0.049935,0.016924,0.019363,0.003021,0.003257,1,16,Normal,,,,,,,,,,,,
12,2022-3-4-16:15:21,../QOE/FreezeTest/FreezeType_Reprojection/16A.txt,0,0,0,0,5,5,16,0.037259,0,0.055624,0.061728,0.006695,0.006695,0.001693,0.001693,1,1,Reprojection,,,,,,,,,,,,
12,2022-3-4-16:15:41,../QOE/FreezeTest/FreezeType_Normal/64B.txt,0,0,0,0,2,4,64,0.027799,0.027562,0.030729,0.033055,0.030465,0.017029,0.001056,0.001081,1,2,Normal,,,,,,,,,,,,
12,2022-3-4-16:16:1,../QOE/FreezeTest/FreezeType_Normal/32A.txt,0,0,0,0,2,5,32,0.052477,0.048921,0.038791,0.030573,0.021425,0.013863,0.002804,0.000435,1,3,Normal,,,,,,,,,,,,
12,2022-3-4-16:16:20,../QOE/FreezeTest/FreezeType_Reprojection/04A.txt,0,3,3,0,5,5,4,0.055802,0,0.052339,0.099434,0.01933,0.01933,0.001718,0.001718,1,4,Reprojection,,,,,,,,,,,,
12,2022-3-4-16:16:38,../QOE/FreezeTest/FreezeType_Normal/01A.txt,0,0,0,0,5,4,1,0.030462,0.029734,0.049967,0.024721,0.010649,0.010249,0.001541,0.001206,1,5,Normal,,,,,,,,,,,,
12,2022-3-4-16:16:57,../QOE/FreezeTest/FreezeType_Normal/04B.txt,0,1,1,0,5,5,4,0.045228,0.043803,0.038078,0.039771,0.02062,0.02346,0.001608,0.001893,1,6,Normal,,,,,,,,,,,,
12,2022-3-4-16:17:15,../QOE/FreezeTest/FreezeType_Reprojection/64A.txt,0,1,1,0,2,5,64,0.033512,0,0.033866,0.049456,0.018257,0.018257,0.004288,0.004288,1,7,Reprojection,,,,,,,,,,,,
12,2022-3-4-16:17:34,../QOE/FreezeTest/FreezeType_Reprojection/32B.txt,0,1,1,0,2,4,32,0.028729,0,0.029337,0.063738,0.021313,0.021313,0.003223,0.003223,1,8,Reprojection,,,,,,,,,,,,
12,2022-3-4-16:17:54,../QOE/FreezeTest/FreezeType_Normal/00A.txt,0,1,1,0,4,4,0,0,0,0,0,0,0,0,0,1,9,Normal,,,,,,,,,,,,
12,2022-3-4-16:18:16,../QOE/FreezeTest/FreezeType_Normal/02B.txt,0,3,3,0,5,5,2,0.063122,0.063574,0.088875,0.061613,0.025036,0.02589,0.002959,0.002762,1,10,Normal,,,,,,,,,,,,
12,2022-3-4-16:18:34,../QOE/FreezeTest/FreezeType_Reprojection/08A.txt,0,1,1,0,5,5,8,0.033669,0,0.029143,0.03728,0.010709,0.010709,0.0015,0.0015,1,11,Reprojection,,,,,,,,,,,,
12,2022-3-4-16:18:52,../QOE/FreezeTest/FreezeType_Reprojection/02A.txt,0,1,1,0,5,5,2,0.026704,0,0.027111,0.016067,0.015509,0.015509,0.001195,0.001195,1,12,Reprojection,,,,,,,,,,,,
12,2022-3-4-16:19:12,../QOE/FreezeTest/FreezeType_Normal/16B.txt,0,1,1,0,3,4,16,0.030372,0.030985,0.024028,0.028384,0.015645,0.013067,0.000848,0.00092,1,13,Normal,,,,,,,,,,,,
12,2022-3-4-16:19:31,../QOE/FreezeTest/FreezeType_Reprojection/00A.txt,0,1,1,0,4,5,0,0,0,0,0,0,0,0,0,1,14,Reprojection,,,,,,,,,,,,
12,2022-3-4-16:19:51,../QOE/FreezeTest/FreezeType_Normal/08A.txt,0,0,0,0,4,5,8,0.066517,0.067274,0.10665,0.066531,0.027334,0.027408,0.004932,0.005033,1,15,Normal,,,,,,,,,,,,
12,2022-3-4-16:20:10,../QOE/FreezeTest/FreezeType_Reprojection/01B.txt,0,1,1,0,5,5,1,0.007316,0,0.003088,0.008124,0.001446,0.001446,0.00066,0.00066,1,16,Reprojection,,,,,,,,,,,,
13,2022-3-8-15:28:25,../QOE/FreezeTest/FreezeType_Reprojection/08B.txt,0,1,1,0,5,4,8,0.015245,0,0.022249,0.091645,0.007284,0.007284,0.00034,0.00034,1,1,Reprojection,,,,,,,,,,,,
13,2022-3-8-15:28:51,../QOE/FreezeTest/FreezeType_Reprojection/16A.txt,0,0,0,0,5,4,16,0.060532,0,0.060245,0.073461,0.050797,0.050797,0.005285,0.005285,1,2,Reprojection,,,,,,,,,,,,
13,2022-3-8-15:29:14,../QOE/FreezeTest/FreezeType_Normal/02A.txt,0,0,0,0,5,4,2,0.039937,0.039186,0.057363,0.039724,0.016474,0.017163,0.002311,0.002725,1,3,Normal,,,,,,,,,,,,
13,2022-3-8-15:29:36,../QOE/FreezeTest/FreezeType_Reprojection/00A.txt,0,2,2,0,5,4,0,0,0,0,0,0,0,0,0,1,4,Reprojection,,,,,,,,,,,,
13,2022-3-8-15:30:3,../QOE/FreezeTest/FreezeType_Normal/64B.txt,0,1,1,0,2,3,64,0.023062,0.022021,0.043401,0.030656,0.02588,0.013719,0.004322,0.001671,1,5,Normal,,,,,,,,,,,,
13,2022-3-8-15:30:25,../QOE/FreezeTest/FreezeType_Normal/00A.txt,0,2,2,0,5,3,0,0,0,0,0,0,0,0,0,1,6,Normal,,,,,,,,,,,,
13,2022-3-8-15:30:49,../QOE/FreezeTest/FreezeType_Reprojection/64A.txt,0,1,1,0,2,3,64,0.062034,0,0.072275,0.084968,0.102313,0.102313,0.011218,0.011218,1,7,Reprojection,,,,,,,,,,,,
13,2022-3-8-15:31:13,../QOE/FreezeTest/FreezeType_Normal/32B.txt,0,1,1,0,3,3,32,0.029583,0.030621,0.095154,0.05932,0.007636,0.039555,0.002222,0.007271,1,8,Normal,,,,,,,,,,,,
13,2022-3-8-15:31:39,../QOE/FreezeTest/FreezeType_Reprojection/04A.txt,0,4,4,0,5,2,4,0.040575,0,0.046371,0.045242,0.102667,0.102667,0.008652,0.008652,1,9,Reprojection,,,,,,,,,,,,
13,2022-3-8-15:32:1,../QOE/FreezeTest/FreezeType_Reprojection/01B.txt,0,2,2,0,5,3,1,0.013575,0,0.014545,0.015749,0.037871,0.037871,0.004321,0.004321,1,10,Reprojection,,,,,,,,,,,,
13,2022-3-8-15:32:24,../QOE/FreezeTest/FreezeType_Normal/16A.txt,0,1,1,0,3,3,16,0.053035,0.055814,0.046255,0.023894,0.099917,0.064825,0.008166,0.005221,1,11,Normal,,,,,,,,,,,,
13,2022-3-8-15:32:45,../QOE/FreezeTest/FreezeType_Reprojection/02A.txt,0,2,2,0,5,4,2,0.060033,0,0.07206,0.095404,0.046347,0.046347,0.003954,0.003954,1,12,Reprojection,,,,,,,,,,,,
13,2022-3-8-15:33:7,../QOE/FreezeTest/FreezeType_Normal/04B.txt,0,1,1,0,5,3,4,0.038929,0.0454,0.122682,0.069701,0.017906,0.022328,0.011071,0.013888,1,13,Normal,,,,,,,,,,,,
13,2022-3-8-15:33:32,../QOE/FreezeTest/FreezeType_Normal/01A.txt,0,2,2,0,5,3,1,0.056258,0.056373,0.074064,0.056921,0.031741,0.034292,0.00239,0.00245,1,14,Normal,,,,,,,,,,,,
13,2022-3-8-15:33:53,../QOE/FreezeTest/FreezeType_Normal/08A.txt,0,1,1,0,5,3,8,0.039867,0.038091,0.05215,0.028523,0.036266,0.016619,0.002462,0.000587,1,15,Normal,,,,,,,,,,,,
13,2022-3-8-15:34:15,../QOE/FreezeTest/FreezeType_Reprojection/32B.txt,0,0,0,0,5,3,32,0.022577,0,0.026605,0.032706,0.038869,0.038869,0.00292,0.00292,1,16,Reprojection,,,,,,,,,,,,
14,2022-3-8-15:41:27,../QOE/FreezeTest/FreezeType_Normal/02A.txt,0,1,1,0,4,4,2,0.003983,0.005207,0.019224,0.004327,0.002455,0.002209,0.000348,0.000316,1,1,Normal,,,,,,,,,,,,
14,2022-3-8-15:41:57,../QOE/FreezeTest/FreezeType_Reprojection/01A.txt,0,2,2,0,5,5,1,0.065704,0,0.062587,0.060592,0.052828,0.052828,0.008113,0.008113,1,2,Reprojection,,,,,,,,,,,,
14,2022-3-8-15:42:21,../QOE/FreezeTest/FreezeType_Normal/00A.txt,0,2,2,0,5,5,0,0,0,0,0,0,0,0,0,1,3,Normal,,,,,,,,,,,,
14,2022-3-8-15:43:1,../QOE/FreezeTest/FreezeType_Reprojection/02A.txt,0,2,2,0,5,5,2,0.07268,0,0.064562,0.09192,0.05252,0.05252,0.007617,0.007617,1,4,Reprojection,,,,,,,,,,,,
14,2022-3-8-15:43:24,../QOE/FreezeTest/FreezeType_Normal/04B.txt,0,4,4,0,4,3,4,0.062279,0.0604,0.064692,0.052141,0.04274,0.03069,0.00495,0.003858,1,5,Normal,,,,,,,,,,,,
14,2022-3-8-15:43:47,../QOE/FreezeTest/FreezeType_Normal/01A.txt,0,2,2,0,5,5,1,0.078632,0.076468,0.086792,0.069449,0.063158,0.06071,0.008388,0.008624,1,6,Normal,,,,,,,,,,,,
14,2022-3-8-15:44:23,../QOE/FreezeTest/FreezeType_Reprojection/64A.txt,0,2,2,0,2,4,64,0.02642,0,0.027876,0.038023,0.042384,0.042384,0.003191,0.003191,1,7,Reprojection,,,,,,,,,,,,
14,2022-3-8-15:44:49,../QOE/FreezeTest/FreezeType_Reprojection/08A.txt,0,1,1,0,5,5,8,0.057139,0,0.055762,0.107055,0.036111,0.036111,0.007387,0.007387,1,8,Reprojection,,,,,,,,,,,,
14,2022-3-8-15:45:12,../QOE/FreezeTest/FreezeType_Reprojection/00A.txt,0,0,0,0,5,3,0,0,0,0,0,0,0,0,0,1,9,Reprojection,,,,,,,,,,,,
14,2022-3-8-15:45:36,../QOE/FreezeTest/FreezeType_Normal/32A.txt,0,3,3,0,2,4,32,0.02888,0.026904,0.078223,0.023236,0.00856,0.070158,0.001714,0.004935,1,10,Normal,,,,,,,,,,,,
14,2022-3-8-15:45:58,../QOE/FreezeTest/FreezeType_Normal/64A.txt,0,0,0,0,1,3,64,0.056212,0.056671,0.088987,0.053462,0.043402,0.018519,0.00563,0.003275,1,11,Normal,,,,,,,,,,,,
14,2022-3-8-15:46:20,../QOE/FreezeTest/FreezeType_Normal/08A.txt,0,3,3,0,3,4,8,0.057823,0.058671,0.118376,0.040463,0.023218,0.016147,0.005597,0.003905,1,12,Normal,,,,,,,,,,,,
14,2022-3-8-15:46:42,../QOE/FreezeTest/FreezeType_Reprojection/32A.txt,0,2,2,0,3,4,32,0.044281,0,0.04927,0.09259,0.043625,0.043625,0.006885,0.006885,1,13,Reprojection,,,,,,,,,,,,
14,2022-3-8-15:47:3,../QOE/FreezeTest/FreezeType_Reprojection/04B.txt,0,2,2,0,5,4,4,0.039358,0,0.044788,0.047762,0.026089,0.026089,0.003396,0.003396,1,14,Reprojection,,,,,,,,,,,,
14,2022-3-8-15:47:24,../QOE/FreezeTest/FreezeType_Normal/16B.txt,0,1,1,0,3,5,16,0.04153,0.047161,0.068361,0.064749,0.020445,0.059595,0.003727,0.008135,1,15,Normal,,,,,,,,,,,,
14,2022-3-8-15:47:45,../QOE/FreezeTest/FreezeType_Reprojection/16A.txt,0,2,2,0,4,4,16,0.102078,0,0.102389,0.14214,0.034623,0.034623,0.005675,0.005675,1,16,Reprojection,,,,,,,,,,,,
15,2022-3-16-13:3:50,../QOE/FreezeTest/FreezeType_Reprojection/08B.txt,0,1,1,0,5,5,8,0.044751,0,0.049149,0.073475,0.024087,0.024087,0.001995,0.001995,1,1,Reprojection,,,,,,,,,,,,
15,2022-3-16-13:4:22,../QOE/FreezeTest/FreezeType_Reprojection/00A.txt,0,2,3,-1,5,4,0,0,0,0,0,0,0,0,0,1,2,Reprojection,,,,,,,,,,,,
15,2022-3-16-13:4:45,../QOE/FreezeTest/FreezeType_Normal/04A.txt,0,4,3,1,5,4,4,0.033067,0.03245,0.027635,0.033531,0.017812,0.017147,0.001027,0.001229,1,3,Normal,,,,,,,,,,,,
15,2022-3-16-13:5:7,../QOE/FreezeTest/FreezeType_Normal/01B.txt,0,0,0,0,5,4,1,0.043686,0.043561,0.027967,0.042807,0.02243,0.022496,0.002342,0.002251,1,4,Normal,,,,,,,,,,,,
15,2022-3-16-13:5:27,../QOE/FreezeTest/FreezeType_Normal/16B.txt,0,0,0,0,5,4,16,0.040178,0.039729,0.072672,0.056512,0.012597,0.021562,0.00267,0.001936,1,5,Normal,,,,,,,,,,,,
15,2022-3-16-13:5:49,../QOE/FreezeTest/FreezeType_Reprojection/32B.txt,0,1,1,0,4,4,32,0.034069,0,0.04128,0.062179,0.008268,0.008268,0.000989,0.000989,1,6,Reprojection,,,,,,,,,,,,
15,2022-3-16-13:6:8,../QOE/FreezeTest/FreezeType_Normal/32B.txt,0,1,1,0,3,4,32,0.05083,0.05062,0.053194,0.011342,0.023802,0.004933,0.003549,0.001011,1,7,Normal,,,,,,,,,,,,
15,2022-3-16-13:6:28,../QOE/FreezeTest/FreezeType_Normal/08A.txt,0,0,0,0,3,4,8,0.05758,0.057925,0.092186,0.04773,0.028249,0.019109,0.003389,0.002777,1,8,Normal,,,,,,,,,,,,
15,2022-3-16-13:6:48,../QOE/FreezeTest/FreezeType_Reprojection/02A.txt,0,2,2,0,5,4,2,0.050821,0,0.051478,0.055658,0.025531,0.025531,0.003194,0.003194,1,9,Reprojection,,,,,,,,,,,,
15,2022-3-16-13:7:9,../QOE/FreezeTest/FreezeType_Normal/00A.txt,0,0,0,0,5,4,0,0,0,0,0,0,0,0,0,1,10,Normal,,,,,,,,,,,,
15,2022-3-16-13:7:29,../QOE/FreezeTest/FreezeType_Reprojection/04A.txt,0,2,2,0,5,4,4,0.027662,0,0.025205,0.030384,0.03467,0.03467,0.00526,0.00526,1,11,Reprojection,,,,,,,,,,,,
15,2022-3-16-13:7:48,../QOE/FreezeTest/FreezeType_Normal/02B.txt,0,1,1,0,5,4,2,0.053743,0.053408,0.080081,0.052464,0.025237,0.024584,0.000187,0.000398,1,12,Normal,,,,,,,,,,,,
15,2022-3-16-13:8:7,../QOE/FreezeTest/FreezeType_Normal/64A.txt,0,0,0,0,2,4,64,0.04933,0.04806,0.061063,0.039472,0.031082,0.033717,0.004592,0.002488,1,13,Normal,,,,,,,,,,,,
15,2022-3-16-13:8:27,../QOE/FreezeTest/FreezeType_Reprojection/01B.txt,0,2,2,0,5,4,1,0.04106,0,0.041882,0.042074,0.019472,0.019472,0.000438,0.000438,1,14,Reprojection,,,,,,,,,,,,
15,2022-3-16-13:8:49,../QOE/FreezeTest/FreezeType_Reprojection/64B.txt,0,1,1,0,4,4,64,0.018437,0,0.020581,0.072971,0.007521,0.007521,0.001139,0.001139,1,15,Reprojection,,,,,,,,,,,,
15,2022-3-16-13:9:10,../QOE/FreezeTest/FreezeType_Reprojection/16B.txt,0,3,3,0,5,4,16,0.051315,0,0.051919,0.087615,0.022647,0.022647,0.004843,0.004843,1,16,Reprojection,,,,,,,,,,,,
16,2022-3-16-13:36:24,../QOE/FreezeTest/FreezeType_Reprojection/01A.txt,0,2,3,-1,5,4,1,0.034106,0,0.034692,0.035457,0.042424,0.042424,0.003348,0.003348,1,1,Reprojection,,,,,,,,,,,,
16,2022-3-16-13:36:51,../QOE/FreezeTest/FreezeType_Reprojection/16A.txt,0,1,1,0,5,5,16,0.037958,0,0.037388,0.038439,0.019682,0.019682,0.001318,0.001318,1,2,Reprojection,,,,,,,,,,,,
16,2022-3-16-13:37:21,../QOE/FreezeTest/FreezeType_Normal/02B.txt,0,0,0,0,5,5,2,0.063624,0.070758,0.108559,0.076199,0.034829,0.034691,0.004638,0.005058,1,3,Normal,,,,,,,,,,,,
16,2022-3-16-13:37:42,../QOE/FreezeTest/FreezeType_Reprojection/08A.txt,0,2,2,0,5,5,8,0.025607,0,0.026963,0.023516,0.02286,0.02286,0.003267,0.003267,1,4,Reprojection,,,,,,,,,,,,
16,2022-3-16-13:38:14,../QOE/FreezeTest/FreezeType_Normal/64A.txt,0,0,0,0,4,4,64,0.018685,0.01878,0.056379,0.017229,0.036536,0.006953,0.000879,0.001105,1,5,Normal,,,,,,,,,,,,
16,2022-3-16-13:38:38,../QOE/FreezeTest/FreezeType_Reprojection/32A.txt,0,0,0,0,4,5,32,0.013312,0,0.012748,0.018752,0.034255,0.034255,0.003668,0.003668,1,6,Reprojection,,,,,,,,,,,,
16,2022-3-16-13:39:1,../QOE/FreezeTest/FreezeType_Normal/08A.txt,0,1,1,0,5,5,8,0.057547,0.058789,0.063803,0.04589,0.047446,0.029516,0.003281,0.002532,1,7,Normal,,,,,,,,,,,,
16,2022-3-16-13:39:23,../QOE/FreezeTest/FreezeType_Normal/00A.txt,0,1,1,0,5,5,0,0,0,0,0,0,0,0,0,1,8,Normal,,,,,,,,,,,,
16,2022-3-16-13:39:43,../QOE/FreezeTest/FreezeType_Reprojection/02A.txt,0,0,0,0,5,5,2,0.038316,0,0.039395,0.055839,0.025208,0.025208,0.001937,0.001937,1,9,Reprojection,,,,,,,,,,,,
16,2022-3-16-13:40:10,../QOE/FreezeTest/FreezeType_Reprojection/64A.txt,0,1,1,0,4,5,64,0.03637,0,0.036326,0.062762,0.04055,0.04055,0.002335,0.002335,1,10,Reprojection,,,,,,,,,,,,
16,2022-3-16-13:40:32,../QOE/FreezeTest/FreezeType_Normal/01A.txt,0,1,1,0,5,5,1,0.034552,0.036003,0.058609,0.036626,0.011796,0.012085,0.001914,0.001954,1,11,Normal,,,,,,,,,,,,
16,2022-3-16-13:40:54,../QOE/FreezeTest/FreezeType_Normal/32B.txt,0,2,2,0,4,5,32,0.043764,0.04217,0.038194,0.031066,0.028275,0.031572,0.001911,0.002006,1,12,Normal,,,,,,,,,,,,
16,2022-3-16-13:41:16,../QOE/FreezeTest/FreezeType_Reprojection/00A.txt,0,0,0,0,5,5,0,0,0,0,0,0,0,0,0,1,13,Reprojection,,,,,,,,,,,,
16,2022-3-16-13:41:37,../QOE/FreezeTest/FreezeType_Normal/04A.txt,0,1,1,0,5,5,4,0.009257,0.016564,0.077701,0.047194,0.009708,0.016043,0.002209,0.002956,1,14,Normal,,,,,,,,,,,,
16,2022-3-16-13:41:58,../QOE/FreezeTest/FreezeType_Normal/16A.txt,0,1,1,0,5,5,16,0.04937,0.050078,0.071768,0.046457,0.03843,0.02168,0.006228,0.003811,1,15,Normal,,,,,,,,,,,,
16,2022-3-16-13:42:20,../QOE/FreezeTest/FreezeType_Reprojection/04B.txt,0,1,1,0,5,5,4,0.056384,0,0.055029,0.082358,0.02528,0.02528,0.003741,0.003741,1,16,Reprojection,,,,,,,,,,,,
17,2022-3-17-10:5:57,../QOE/FreezeTest/FreezeType_Reprojection/08B.txt,0,1,1,0,5,5,8,0.019906,0,0.019435,0.057508,0.008341,0.008341,0.001281,0.001281,1,1,Reprojection,,,,,,,,,,,,
17,2022-3-17-10:6:21,../QOE/FreezeTest/FreezeType_Normal/00A.txt,0,1,1,0,5,5,0,0,0,0,0,0,0,0,0,1,2,Normal,,,,,,,,,,,,
17,2022-3-17-10:6:44,../QOE/FreezeTest/FreezeType_Reprojection/32A.txt,0,3,3,0,5,5,32,0.020425,0,0.021619,0.037287,0.005474,0.005474,0.000979,0.000979,1,3,Reprojection,,,,,,,,,,,,
17,2022-3-17-10:7:11,../QOE/FreezeTest/FreezeType_Reprojection/16B.txt,0,2,2,0,5,5,16,0.034126,0,0.032863,0.030079,0.018665,0.018665,0.003923,0.003923,1,4,Reprojection,,,,,,,,,,,,
17,2022-3-17-10:7:34,../QOE/FreezeTest/FreezeType_Reprojection/00A.txt,0,2,2,0,5,5,0,0,0,0,0,0,0,0,0,1,5,Reprojection,,,,,,,,,,,,
17,2022-3-17-10:7:58,../QOE/FreezeTest/FreezeType_Normal/08B.txt,0,2,2,0,4,5,8,0.049169,0.048671,0.088083,0.05246,0.030436,0.034999,0.001788,0.002685,1,6,Normal,,,,,,,,,,,,
17,2022-3-17-10:8:21,../QOE/FreezeTest/FreezeType_Normal/01A.txt,0,1,1,0,5,5,1,0.051159,0.050063,0.054224,0.050079,0.027826,0.028844,0.001163,0.001155,1,7,Normal,,,,,,,,,,,,
17,2022-3-17-10:8:45,../QOE/FreezeTest/FreezeType_Reprojection/02B.txt,0,0,0,0,5,5,2,0.02563,0,0.023818,0.024696,0.013774,0.013774,0.003795,0.003795,1,8,Reprojection,,,,,,,,,,,,
17,2022-3-17-10:9:8,../QOE/FreezeTest/FreezeType_Normal/04A.txt,0,3,3,0,4,5,4,0.019033,0.020176,0.02455,0.025816,0.012167,0.015248,0.002231,0.002138,1,9,Normal,,,,,,,,,,,,
17,2022-3-17-10:9:28,../QOE/FreezeTest/FreezeType_Normal/02B.txt,0,1,1,0,5,5,2,0.056052,0.06202,0.056641,0.080058,0.067035,0.063099,0.005251,0.005003,1,10,Normal,,,,,,,,,,,,
17,2022-3-17-10:9:51,../QOE/FreezeTest/FreezeType_Reprojection/64B.txt,0,1,1,0,3,5,64,0.027632,0,0.022036,0.060834,0.042657,0.042657,0.005023,0.005023,1,11,Reprojection,,,,,,,,,,,,
17,2022-3-17-10:10:11,../QOE/FreezeTest/FreezeType_Reprojection/04B.txt,0,1,1,0,5,5,4,0.04281,0,0.040718,0.053867,0.018033,0.018033,0.001967,0.001967,1,12,Reprojection,,,,,,,,,,,,
17,2022-3-17-10:10:34,../QOE/FreezeTest/FreezeType_Normal/64B.txt,0,0,0,0,2,5,64,0.026844,0.024753,0.023933,0.018594,0.034997,0.024607,0.001579,0.002988,1,13,Normal,,,,,,,,,,,,
17,2022-3-17-10:10:57,../QOE/FreezeTest/FreezeType_Normal/32B.txt,0,3,3,0,2,3,32,0.03743,0.037881,0.034306,0.03437,0.022719,0.017832,0.001914,0.00213,1,14,Normal,,,,,,,,,,,,
17,2022-3-17-10:11:17,../QOE/FreezeTest/FreezeType_Reprojection/01A.txt,0,1,1,0,5,5,1,0.031017,0,0.029671,0.025907,0.013447,0.013447,0.001362,0.001362,1,15,Reprojection,,,,,,,,,,,,
17,2022-3-17-10:11:41,../QOE/FreezeTest/FreezeType_Normal/16A.txt,0,2,2,0,1,3,16,0.008634,0.012864,0.061459,0.028222,0.00703,0.010948,0.001677,0.003076,1,16,Normal,,,,,,,,,,,,
18,2022-3-17-13:7:33,../QOE/FreezeTest/FreezeType_Reprojection/08B.txt,0,1,1,0,5,5,8,0.046662,0,0.050476,0.091666,0.021275,0.021275,0.003075,0.003075,1,1,Reprojection,,,,,,,,,,,,
18,2022-3-17-13:8:6,../QOE/FreezeTest/FreezeType_Normal/32B.txt,0,3,3,0,4,5,32,0.044382,0.044294,0.056447,0.03438,0.037256,0.042134,0.001537,0.002177,1,2,Normal,,,,,,,,,,,,
18,2022-3-17-13:8:38,../QOE/FreezeTest/FreezeType_Normal/04B.txt,0,3,3,0,5,5,4,0.031293,0.033497,0.03797,0.039921,0.042118,0.031343,0.003446,0.002948,1,3,Normal,,,,,,,,,,,,
18,2022-3-17-13:9:45,../QOE/FreezeTest/FreezeType_Reprojection/64A.txt,0,1,1,0,4,5,64,0.05323,0,0.070179,0.095655,0.016234,0.016234,0.002604,0.002604,1,4,Reprojection,,,,,,,,,,,,
18,2022-3-17-13:10:22,../QOE/FreezeTest/FreezeType_Normal/08B.txt,0,0,0,0,4,5,8,0.053516,0.054394,0.075623,0.059527,0.031964,0.028966,0.00416,0.003924,1,5,Normal,,,,,,,,,,,,
18,2022-3-17-13:10:45,../QOE/FreezeTest/FreezeType_Reprojection/32B.txt,0,2,2,0,5,5,32,0.030147,0,0.031682,0.097677,0.011807,0.011807,0.001173,0.001173,1,6,Reprojection,,,,,,,,,,,,
18,2022-3-17-13:11:9,../QOE/FreezeTest/FreezeType_Normal/01B.txt,0,0,0,0,5,5,1,0.05044,0.051469,0.077274,0.05292,0.035737,0.035791,0.004051,0.004047,1,7,Normal,,,,,,,,,,,,
18,2022-3-17-13:11:33,../QOE/FreezeTest/FreezeType_Normal/02B.txt,0,1,1,0,5,5,2,0.043747,0.044234,0.050634,0.046796,0.043037,0.045632,0.003163,0.003316,1,8,Normal,,,,,,,,,,,,
18,2022-3-17-13:11:55,../QOE/FreezeTest/FreezeType_Reprojection/00A.txt,0,1,1,0,5,5,0,0,0,0,0,0,0,0,0,1,9,Reprojection,,,,,,,,,,,,
18,2022-3-17-13:12:17,../QOE/FreezeTest/FreezeType_Normal/00A.txt,0,2,2,0,5,5,0,0,0,0,0,0,0,0,0,1,10,Normal,,,,,,,,,,,,
18,2022-3-17-13:12:38,../QOE/FreezeTest/FreezeType_Normal/16A.txt,0,1,1,0,4,5,16,0.032139,0.031715,0.032831,0.038301,0.027383,0.029746,0.00389,0.003367,1,11,Normal,,,,,,,,,,,,
18,2022-3-17-13:12:59,../QOE/FreezeTest/FreezeType_Normal/64B.txt,0,0,0,0,3,5,64,0.054099,0.05569,0.066038,0.034926,0.038952,0.013755,0.004815,0.002484,1,12,Normal,,,,,,,,,,,,
18,2022-3-17-13:13:23,../QOE/FreezeTest/FreezeType_Reprojection/02B.txt,0,1,0,1,5,5,2,0.055039,0,0.056494,0.070986,0.035042,0.035042,0.003631,0.003631,1,13,Reprojection,,,,,,,,,,,,
18,2022-3-17-13:13:45,../QOE/FreezeTest/FreezeType_Reprojection/16B.txt,0,1,1,0,4,5,16,0.032657,0,0.030788,0.028446,0.017024,0.017024,0.002156,0.002156,1,14,Reprojection,,,,,,,,,,,,
18,2022-3-17-13:14:6,../QOE/FreezeTest/FreezeType_Reprojection/01A.txt,0,1,1,0,5,5,1,0.056437,0,0.056728,0.057587,0.049599,0.049599,0.004876,0.004876,1,15,Reprojection,,,,,,,,,,,,
18,2022-3-17-13:14:27,../QOE/FreezeTest/FreezeType_Reprojection/04A.txt,0,0,0,0,5,5,4,0.034637,0,0.034779,0.051419,0.018252,0.018252,0.00174,0.00174,1,16,Reprojection,,,,,,,,,,,,
19,2022-3-17-13:21:5,../QOE/FreezeTest/FreezeType_Reprojection/01A.txt,0,0,0,0,5,5,1,0.052295,0,0.055019,0.056888,0.02847,0.02847,0.003166,0.003166,1,1,Reprojection,,,,,,,,,,,,
19,2022-3-17-13:21:30,../QOE/FreezeTest/FreezeType_Normal/01B.txt,0,0,0,0,5,5,1,0.044465,0.045126,0.055029,0.046965,0.021625,0.022639,0.002523,0.002457,1,2,Normal,,,,,,,,,,,,
19,2022-3-17-13:21:59,../QOE/FreezeTest/FreezeType_Reprojection/64B.txt,0,0,0,0,3,4,64,0.0336,0,0.034137,0.072504,0.017392,0.017392,0.004094,0.004094,1,3,Reprojection,,,,,,,,,,,,
19,2022-3-17-13:22:22,../QOE/FreezeTest/FreezeType_Reprojection/08A.txt,0,0,0,0,5,4,8,0.047207,0,0.045155,0.044271,0.030041,0.030041,0.003131,0.003131,1,4,Reprojection,,,,,,,,,,,,
19,2022-3-17-13:22:43,../QOE/FreezeTest/FreezeType_Reprojection/16B.txt,0,1,1,0,5,4,16,0.022559,0,0.023489,0.037487,0.04704,0.04704,0.003643,0.003643,1,5,Reprojection,,,,,,,,,,,,
19,2022-3-17-13:23:5,../QOE/FreezeTest/FreezeType_Normal/64B.txt,0,1,1,0,3,4,64,0.028889,0.02827,0.040651,0.020014,0.043018,0.008143,0.002807,0.001415,1,6,Normal,,,,,,,,,,,,
19,2022-3-17-13:23:29,../QOE/FreezeTest/FreezeType_Normal/16A.txt,0,1,1,0,3,4,16,0.046021,0.047153,0.045561,0.029362,0.021325,0.007484,0.002313,0.000752,1,7,Normal,,,,,,,,,,,,
19,2022-3-17-13:23:57,../QOE/FreezeTest/FreezeType_Reprojection/32B.txt,0,1,1,0,4,4,32,0.050223,0,0.051856,0.065341,0.031822,0.031822,0.005543,0.005543,1,8,Reprojection,,,,,,,,,,,,
19,2022-3-17-13:24:20,../QOE/FreezeTest/FreezeType_Normal/08A.txt,0,0,0,0,5,4,8,0.007274,0.015423,0.069204,0.057053,0.009189,0.026082,0.001374,0.003434,1,9,Normal,,,,,,,,,,,,
19,2022-3-17-13:24:42,../QOE/FreezeTest/FreezeType_Normal/32A.txt,0,3,3,0,3,3,32,0.057329,0.059745,0.088265,0.052411,0.042855,0.018501,0.002736,0.005212,1,10,Normal,,,,,,,,,,,,
19,2022-3-17-13:25:8,../QOE/FreezeTest/FreezeType_Reprojection/00A.txt,0,1,1,0,4,4,0,0,0,0,0,0,0,0,0,1,11,Reprojection,,,,,,,,,,,,
19,2022-3-17-13:25:28,../QOE/FreezeTest/FreezeType_Normal/04B.txt,0,1,1,0,5,4,4,0.055417,0.056468,0.059726,0.050341,0.036669,0.039781,0.004392,0.004608,1,12,Normal,,,,,,,,,,,,
19,2022-3-17-13:25:49,../QOE/FreezeTest/FreezeType_Normal/02A.txt,0,2,2,0,5,4,2,0.020103,0.020212,0.020862,0.020459,0.036218,0.036016,0.001228,0.00147,1,13,Normal,,,,,,,,,,,,
19,2022-3-17-13:26:8,../QOE/FreezeTest/FreezeType_Reprojection/04A.txt,0,1,1,0,5,4,4,0.020526,0,0.020528,0.02877,0.054544,0.054544,0.003598,0.003598,1,14,Reprojection,,,,,,,,,,,,
19,2022-3-17-13:26:29,../QOE/FreezeTest/FreezeType_Normal/00A.txt,0,0,0,0,5,3,0,0,0,0,0,0,0,0,0,1,15,Normal,,,,,,,,,,,,
19,2022-3-17-13:26:49,../QOE/FreezeTest/FreezeType_Reprojection/02B.txt,0,4,4,0,5,3,2,0.030423,0,0.031756,0.033916,0.045012,0.045012,0.003132,0.003132,1,16,Reprojection,,,,,,,,,,,,
20,2022-3-17-13:33:18,../QOE/FreezeTest/FreezeType_Reprojection/01A.txt,0,0,0,0,5,5,1,0.037231,0,0.035967,0.036397,0.018127,0.018127,0.001898,0.001898,1,1,Reprojection,,,,,,,,,,,,
20,2022-3-17-13:33:49,../QOE/FreezeTest/FreezeType_Normal/02B.txt,0,0,0,0,5,5,2,0.038728,0.037812,0.046137,0.038199,0.025536,0.021695,0.003122,0.003242,1,2,Normal,,,,,,,,,,,,
20,2022-3-17-13:34:15,../QOE/FreezeTest/FreezeType_Normal/16A.txt,0,0,0,0,3,5,16,0.011441,0.010224,0.023164,0.020139,0.00441,0.007351,0.00468,0.002611,1,3,Normal,,,,,,,,,,,,
20,2022-3-17-13:34:47,../QOE/FreezeTest/FreezeType_Normal/32B.txt,0,2,2,0,2,4,32,0.03212,0.032312,0.074426,0.04892,0.013413,0.017355,0.004445,0.003415,1,4,Normal,,,,,,,,,,,,
20,2022-3-17-13:35:15,../QOE/FreezeTest/FreezeType_Normal/64A.txt,0,0,0,0,1,4,64,0.047373,0.046812,0.074939,0.03105,0.031688,0.007094,0.002533,0.004993,1,5,Normal,,,,,,,,,,,,
20,2022-3-17-13:35:46,../QOE/FreezeTest/FreezeType_Reprojection/02B.txt,0,2,2,0,5,4,2,0.036548,0,0.044452,0.048845,0.017922,0.017922,0.003618,0.003618,1,6,Reprojection,,,,,,,,,,,,
20,2022-3-17-13:36:10,../QOE/FreezeTest/FreezeType_Normal/04A.txt,0,2,2,0,3,4,4,0.036797,0.037928,0.066249,0.042616,0.017865,0.017793,0.00339,0.003201,1,7,Normal,,,,,,,,,,,,
20,2022-3-17-13:36:54,../QOE/FreezeTest/FreezeType_Reprojection/64B.txt,0,0,0,0,3,4,64,0.043355,0,0.042306,0.050129,0.022724,0.022724,0.00423,0.00423,1,8,Reprojection,,,,,,,,,,,,
20,2022-3-17-13:37:21,../QOE/FreezeTest/FreezeType_Reprojection/00A.txt,0,0,0,0,5,5,0,0,0,0,0,0,0,0,0,1,9,Reprojection,,,,,,,,,,,,
20,2022-3-17-13:37:46,../QOE/FreezeTest/FreezeType_Reprojection/08A.txt,0,1,1,0,4,5,8,0.0474,0,0.046572,0.068446,0.022203,0.022203,0.003112,0.003112,1,10,Reprojection,,,,,,,,,,,,
20,2022-3-17-13:38:16,../QOE/FreezeTest/FreezeType_Reprojection/16A.txt,0,0,0,0,3,4,16,0.02498,0,0.02727,0.067381,0.008742,0.008742,0.001538,0.001538,1,11,Reprojection,,,,,,,,,,,,
20,2022-3-17-13:38:38,../QOE/FreezeTest/FreezeType_Normal/01A.txt,0,1,1,0,5,5,1,0.040337,0.0414,0.042515,0.037445,0.045598,0.044171,0.004746,0.004386,1,12,Normal,,,,,,,,,,,,
20,2022-3-17-13:39:1,../QOE/FreezeTest/FreezeType_Normal/08A.txt,0,2,2,0,4,5,8,0.019198,0.016577,0.023881,0.02912,0.040567,0.016202,0.001264,0.000675,1,13,Normal,,,,,,,,,,,,
20,2022-3-17-13:39:24,../QOE/FreezeTest/FreezeType_Reprojection/32A.txt,0,2,2,0,3,4,32,0.036379,0,0.037469,0.041579,0.020391,0.020391,0.000663,0.000663,1,14,Reprojection,,,,,,,,,,,,
20,2022-3-17-13:39:49,../QOE/FreezeTest/FreezeType_Reprojection/04B.txt,0,0,0,0,4,5,4,0.043416,0,0.045006,0.053334,0.020951,0.020951,0.00262,0.00262,1,15,Reprojection,,,,,,,,,,,,
20,2022-3-17-13:40:13,../QOE/FreezeTest/FreezeType_Normal/00A.txt,0,1,1,0,5,5,0,0,0,0,0,0,0,0,0,1,16,Normal,,,,,,,,,,,,
21,2022-3-17-13:46:27,../QOE/FreezeTest/FreezeType_Normal/02A.txt,0,3,3,0,5,5,2,0.0615,0.060339,0.071342,0.05186,0.021906,0.01763,0.003517,0.002824,1,1,Normal,,,,,,,,,,,,
21,2022-3-17-13:46:54,../QOE/FreezeTest/FreezeType_Reprojection/01A.txt,0,2,2,0,5,5,1,0.041514,0,0.045829,0.046265,0.027477,0.027477,0.002614,0.002614,1,2,Reprojection,,,,,,,,,,,,
21,2022-3-17-13:47:22,../QOE/FreezeTest/FreezeType_Reprojection/64A.txt,0,1,1,0,4,5,64,0.030739,0,0.029263,0.03539,0.017196,0.017196,0.000842,0.000842,1,3,Reprojection,,,,,,,,,,,,
21,2022-3-17-13:47:45,../QOE/FreezeTest/FreezeType_Reprojection/04A.txt,0,2,2,0,5,5,4,0.038537,0,0.041104,0.054793,0.046827,0.046827,0.003517,0.003517,1,4,Reprojection,,,,,,,,,,,,
21,2022-3-17-13:48:24,../QOE/FreezeTest/FreezeType_Normal/32A.txt,0,2,2,0,3,4,32,0.046419,0.049551,0.067047,0.037107,0.029675,0.039689,0.002745,0.004458,1,5,Normal,,,,,,,,,,,,
21,2022-3-17-13:49:3,../QOE/FreezeTest/FreezeType_Normal/01B.txt,0,2,1,1,4,4,1,0.05298,0.053383,0.072434,0.050279,0.021105,0.020611,0.003598,0.003521,1,6,Normal,,,,,,,,,,,,
21,2022-3-17-13:49:25,../QOE/FreezeTest/FreezeType_Normal/04A.txt,0,0,0,0,5,5,4,0.037184,0.035774,0.075583,0.036349,0.034527,0.033576,0.010741,0.009616,1,7,Normal,,,,,,,,,,,,
21,2022-3-17-13:49:47,../QOE/FreezeTest/FreezeType_Reprojection/16B.txt,0,1,1,0,4,5,16,0.012457,0,0.007744,0.061903,0.00317,0.00317,0.000453,0.000453,1,8,Reprojection,,,,,,,,,,,,
21,2022-3-17-13:50:11,../QOE/FreezeTest/FreezeType_Normal/64A.txt,0,2,2,0,3,5,64,0.026429,0.026899,0.037261,0.038815,0.028261,0.023825,0.002299,0.001356,1,9,Normal,,,,,,,,,,,,
21,2022-3-17-13:50:36,../QOE/FreezeTest/FreezeType_Reprojection/08A.txt,0,2,2,0,4,5,8,0.04294,0,0.04239,0.053639,0.032585,0.032585,0.002564,0.002564,1,10,Reprojection,,,,,,,,,,,,
21,2022-3-17-13:51:0,../QOE/FreezeTest/FreezeType_Reprojection/02B.txt,0,1,1,0,5,5,2,0.030389,0,0.030365,0.037355,0.022757,0.022757,0.003692,0.003692,1,11,Reprojection,,,,,,,,,,,,
21,2022-3-17-13:51:31,../QOE/FreezeTest/FreezeType_Reprojection/32A.txt,0,3,2,1,2,5,32,0.043648,0,0.043586,0.069028,0.028717,0.028717,0.00402,0.00402,1,12,Reprojection,,,,,,,,,,,,
21,2022-3-17-13:51:55,../QOE/FreezeTest/FreezeType_Normal/16B.txt,0,0,0,0,1,4,16,0.027461,0.028945,0.101094,0.014871,0.016637,0.007509,0.011121,0.008294,1,13,Normal,,,,,,,,,,,,
21,2022-3-17-13:52:21,../QOE/FreezeTest/FreezeType_Normal/08B.txt,0,2,2,0,4,5,8,0.021864,0.012791,0.062042,0.028862,0.002178,0.010343,0.002719,0.001843,1,14,Normal,,,,,,,,,,,,
21,2022-3-17-13:52:43,../QOE/FreezeTest/FreezeType_Reprojection/00A.txt,0,1,1,0,5,5,0,0,0,0,0,0,0,0,0,1,15,Reprojection,,,,,,,,,,,,
21,2022-3-17-13:53:3,../QOE/FreezeTest/FreezeType_Normal/00A.txt,0,1,1,0,5,5,0,0,0,0,0,0,0,0,0,1,16,Normal,,,,,,,,,,,,
22,2022-3-17-13:57:56,../QOE/FreezeTest/FreezeType_Reprojection/08B.txt,0,1,1,0,5,5,8,0.027649,0,0.025875,0.031542,0.028398,0.028398,0.001831,0.001831,1,1,Reprojection,,,,,,,,,,,,
22,2022-3-17-13:58:22,../QOE/FreezeTest/FreezeType_Normal/32A.txt,0,1,1,0,4,5,32,0.05016,0.05097,0.053417,0.032113,0.032303,0.013594,0.002028,0.000415,1,2,Normal,,,,,,,,,,,,
22,2022-3-17-13:58:43,../QOE/FreezeTest/FreezeType_Reprojection/02A.txt,0,2,2,0,5,5,2,0.057575,0,0.06648,0.091708,0.053033,0.053033,0.006214,0.006214,1,3,Reprojection,,,,,,,,,,,,
22,2022-3-17-13:59:5,../QOE/FreezeTest/FreezeType_Normal/16A.txt,0,2,2,0,5,5,16,0.032732,0.031805,0.023245,0.025998,0.020859,0.025858,0.000403,0.002078,1,4,Normal,,,,,,,,,,,,
22,2022-3-17-13:59:28,../QOE/FreezeTest/FreezeType_Reprojection/64A.txt,0,1,1,0,4,4,64,0.047192,0,0.062525,0.041694,0.040082,0.040082,0.001622,0.001622,1,5,Reprojection,,,,,,,,,,,,
22,2022-3-17-13:59:51,../QOE/FreezeTest/FreezeType_Reprojection/04B.txt,0,3,3,0,5,5,4,0.062916,0,0.057505,0.078341,0.046359,0.046359,0.00616,0.00616,1,6,Reprojection,,,,,,,,,,,,
22,2022-3-17-14:0:13,../QOE/FreezeTest/FreezeType_Normal/64A.txt,0,1,1,0,2,4,64,0.060998,0.060485,0.098353,0.057518,0.026229,0.020464,0.004284,0.004449,1,7,Normal,,,,,,,,,,,,
22,2022-3-17-14:0:34,../QOE/FreezeTest/FreezeType_Normal/02B.txt,0,2,2,0,5,5,2,0.029506,0.028746,0.02976,0.038498,0.071547,0.073307,0.006875,0.006684,1,8,Normal,,,,,,,,,,,,
22,2022-3-17-14:0:55,../QOE/FreezeTest/FreezeType_Normal/04A.txt,0,2,2,0,4,5,4,0.039418,0.040131,0.043506,0.04232,0.032814,0.030249,0.002686,0.002602,1,9,Normal,,,,,,,,,,,,
22,2022-3-17-14:1:15,../QOE/FreezeTest/FreezeType_Normal/00A.txt,0,2,2,0,5,5,0,0,0,0,0,0,0,0,0,1,10,Normal,,,,,,,,,,,,
22,2022-3-17-14:1:36,../QOE/FreezeTest/FreezeType_Reprojection/01B.txt,0,2,2,0,5,5,1,0.022714,0,0.023958,0.024372,0.026917,0.026917,0.001818,0.001818,1,11,Reprojection,,,,,,,,,,,,
22,2022-3-17-14:1:57,../QOE/FreezeTest/FreezeType_Reprojection/00A.txt,0,1,1,0,5,5,0,0,0,0,0,0,0,0,0,1,12,Reprojection,,,,,,,,,,,,
22,2022-3-17-14:2:16,../QOE/FreezeTest/FreezeType_Reprojection/32B.txt,0,2,2,0,4,5,32,0.017455,0,0.01781,0.024176,0.044208,0.044208,0.001717,0.001717,1,13,Reprojection,,,,,,,,,,,,
22,2022-3-17-14:2:39,../QOE/FreezeTest/FreezeType_Reprojection/16B.txt,0,2,2,0,4,5,16,0.031641,0,0.031766,0.035131,0.035895,0.035895,0.002856,0.002856,1,14,Reprojection,,,,,,,,,,,,
22,2022-3-17-14:2:59,../QOE/FreezeTest/FreezeType_Normal/08A.txt,0,1,1,0,5,5,8,0.021265,0.021777,0.02538,0.026719,0.034505,0.029319,0.003046,0.002584,1,15,Normal,,,,,,,,,,,,
22,2022-3-17-14:3:19,../QOE/FreezeTest/FreezeType_Normal/01A.txt,0,4,4,0,5,5,1,0.032837,0.032835,0.036034,0.034257,0.031787,0.030583,0.002403,0.002485,1,16,Normal,,,,,,,,,,,,
23,2022-3-17-14:8:40,../QOE/FreezeTest/FreezeType_Reprojection/08B.txt,0,2,2,0,4,4,8,0.017838,0,0.018348,0.054193,0.007115,0.007115,0.000687,0.000687,1,1,Reprojection,,,,,,,,,,,,
23,2022-3-17-14:9:10,../QOE/FreezeTest/FreezeType_Reprojection/16A.txt,0,1,1,0,4,4,16,0.028619,0,0.035606,0.083347,0.011377,0.011377,0.003091,0.003091,1,2,Reprojection,,,,,,,,,,,,
23,2022-3-17-14:9:35,../QOE/FreezeTest/FreezeType_Reprojection/04B.txt,0,1,1,0,3,3,4,0.049418,0,0.050634,0.073098,0.020729,0.020729,0.00379,0.00379,1,3,Reprojection,,,,,,,,,,,,
23,2022-3-17-14:9:59,../QOE/FreezeTest/FreezeType_Normal/02B.txt,0,0,0,0,3,3,2,0.071098,0.069642,0.081305,0.06064,0.022161,0.019146,0.004197,0.003987,1,4,Normal,,,,,,,,,,,,
23,2022-3-17-14:10:23,../QOE/FreezeTest/FreezeType_Reprojection/00A.txt,0,2,2,0,4,3,0,0,0,0,0,0,0,0,0,1,5,Reprojection,,,,,,,,,,,,
23,2022-3-17-14:11:0,../QOE/FreezeTest/FreezeType_Normal/16A.txt,0,2,1,1,3,3,16,0.007358,0.012282,0.050099,0.017543,0.004458,0.0082,0.000851,0.001211,1,6,Normal,,,,,,,,,,,,
23,2022-3-17-14:11:21,../QOE/FreezeTest/FreezeType_Reprojection/02A.txt,0,0,0,0,3,3,2,0.029704,0,0.029663,0.02632,0.030162,0.030162,0.002467,0.002467,1,7,Reprojection,,,,,,,,,,,,
23,2022-3-17-14:11:46,../QOE/FreezeTest/FreezeType_Normal/08A.txt,0,0,0,0,3,3,8,0.032117,0.030403,0.02302,0.01995,0.020391,0.024072,0.002214,0.001073,1,8,Normal,,,,,,,,,,,,
23,2022-3-17-14:12:7,../QOE/FreezeTest/FreezeType_Reprojection/32A.txt,0,2,2,0,3,3,32,0.007789,0,0.017208,0.028536,0.009261,0.009261,0.002737,0.002737,1,9,Reprojection,,,,,,,,,,,,
23,2022-3-17-14:12:31,../QOE/FreezeTest/FreezeType_Normal/64A.txt,0,1,1,0,3,3,64,0.028612,0.029242,0.090577,0.020478,0.009049,0.006111,0.001515,0.001952,1,10,Normal,,,,,,,,,,,,
23,2022-3-17-14:12:54,../QOE/FreezeTest/FreezeType_Normal/32A.txt,0,1,1,0,2,3,32,0.03774,0.040318,0.08264,0.039173,0.016166,0.015568,0.001999,0.002356,1,11,Normal,,,,,,,,,,,,
23,2022-3-17-14:13:12,../QOE/FreezeTest/FreezeType_Normal/04A.txt,0,1,1,0,3,3,4,0.058486,0.059914,0.066728,0.053491,0.061604,0.052202,0.004752,0.003707,1,12,Normal,,,,,,,,,,,,
23,2022-3-17-14:13:32,../QOE/FreezeTest/FreezeType_Normal/01A.txt,0,2,2,0,3,3,1,0.012045,0.012778,0.028743,0.016001,0.004514,0.005189,0.00077,0.000967,1,13,Normal,,,,,,,,,,,,
23,2022-3-17-14:13:53,../QOE/FreezeTest/FreezeType_Reprojection/01A.txt,0,2,2,0,3,3,1,0.01032,0,0.011781,0.011675,0.005081,0.005081,0.001328,0.001328,1,14,Reprojection,,,,,,,,,,,,
23,2022-3-17-14:14:46,../QOE/FreezeTest/FreezeType_Normal/00A.txt,0,2,2,0,3,3,0,0,0,0,0,0,0,0,0,1,15,Normal,,,,,,,,,,,,
23,2022-3-17-14:15:17,../QOE/FreezeTest/FreezeType_Reprojection/64B.txt,0,1,1,0,2,3,64,0.055149,0,0.055859,0.076518,0.032461,0.032461,0.000981,0.000981,1,16,Reprojection,,,,,,,,,,,,
24,2022-3-17-14:24:47,../QOE/FreezeTest/FreezeType_Reprojection/08B.txt,0,1,1,0,5,5,8,0.050049,0,0.053131,0.074057,0.020494,0.020494,0.001837,0.001837,1,1,Reprojection,,,,,,,,,,,,
24,2022-3-17-14:25:18,../QOE/FreezeTest/FreezeType_Reprojection/01A.txt,0,1,1,0,5,5,1,0.026418,0,0.028557,0.02909,0.006668,0.006668,0.000799,0.000799,1,2,Reprojection,,,,,,,,,,,,
24,2022-3-17-14:25:51,../QOE/FreezeTest/FreezeType_Reprojection/04B.txt,0,0,0,0,4,5,4,0.051878,0,0.052731,0.063052,0.021123,0.021123,0.001583,0.001583,1,3,Reprojection,,,,,,,,,,,,
24,2022-3-17-14:26:21,../QOE/FreezeTest/FreezeType_Normal/01A.txt,0,3,3,0,5,5,1,0.032432,0.029331,0.045844,0.027471,0.010856,0.010364,0.002241,0.002248,1,4,Normal,,,,,,,,,,,,
24,2022-3-17-14:26:50,../QOE/FreezeTest/FreezeType_Normal/04B.txt,0,4,4,0,5,5,4,0.024223,0.024115,0.022924,0.022371,0.034066,0.034752,0.000527,0.000656,1,5,Normal,,,,,,,,,,,,
24,2022-3-17-14:27:23,../QOE/FreezeTest/FreezeType_Reprojection/00A.txt,0,2,2,0,5,5,0,0,0,0,0,0,0,0,0,1,6,Reprojection,,,,,,,,,,,,
24,2022-3-17-14:27:45,../QOE/FreezeTest/FreezeType_Reprojection/16B.txt,0,2,2,0,4,5,16,0.012622,0,0.017403,0.05334,0.007298,0.007298,0.000559,0.000559,1,7,Reprojection,,,,,,,,,,,,
24,2022-3-17-14:28:6,../QOE/FreezeTest/FreezeType_Normal/08B.txt,0,1,1,0,4,5,8,0.057487,0.057237,0.075488,0.050484,0.032445,0.027591,0.002912,0.002512,1,8,Normal,,,,,,,,,,,,
24,2022-3-17-14:28:26,../QOE/FreezeTest/FreezeType_Reprojection/32B.txt,0,0,0,0,4,5,32,0.028062,0,0.027483,0.073303,0.009604,0.009604,0.000608,0.000608,1,9,Reprojection,,,,,,,,,,,,
24,2022-3-17-14:29:0,../QOE/FreezeTest/FreezeType_Normal/64B.txt,0,1,1,0,1,3,64,0.030077,0.02971,0.040215,0.036921,0.032356,0.018296,0.001678,0.002,1,10,Normal,,,,,,,,,,,,
24,2022-3-17-14:29:34,../QOE/FreezeTest/FreezeType_Reprojection/64B.txt,0,1,1,0,3,4,64,0.021074,0,0.02405,0.057265,0.028472,0.028472,0.001949,0.001949,1,11,Reprojection,,,,,,,,,,,,
24,2022-3-17-14:30:11,../QOE/FreezeTest/FreezeType_Normal/32A.txt,0,0,0,0,3,3,32,0.060805,0.061577,0.099755,0.030576,0.036249,0.012496,0.002997,0.001141,1,12,Normal,,,,,,,,,,,,
24,2022-3-17-14:30:36,../QOE/FreezeTest/FreezeType_Reprojection/02A.txt,0,1,1,0,5,5,2,0.049051,0,0.049047,0.053292,0.021034,0.021034,0.001972,0.001972,1,13,Reprojection,,,,,,,,,,,,
24,2022-3-17-14:31:2,../QOE/FreezeTest/FreezeType_Normal/00A.txt,0,1,1,0,5,5,0,0,0,0,0,0,0,0,0,1,14,Normal,,,,,,,,,,,,
24,2022-3-17-14:31:24,../QOE/FreezeTest/FreezeType_Normal/02B.txt,0,2,2,0,5,5,2,0.034668,0.033284,0.0296,0.029871,0.022779,0.018877,0.002418,0.002335,1,15,Normal,,,,,,,,,,,,
24,2022-3-17-14:31:52,../QOE/FreezeTest/FreezeType_Normal/16A.txt,0,0,0,0,4,4,16,0.036773,0.036281,0.035956,0.026173,0.019398,0.019877,0.001763,0.002476,1,16,Normal,,,,,,,,,,,,
25,2022-3-17-14:46:52,../QOE/FreezeTest/FreezeType_Reprojection/01A.txt,0,2,2,0,5,5,1,0.040501,0,0.039897,0.041049,0.040938,0.040938,0.0042,0.0042,1,1,Reprojection,,,,,,,,,,,,
25,2022-3-17-14:47:51,../QOE/FreezeTest/FreezeType_Reprojection/04B.txt,0,1,1,0,5,5,4,0.051244,0,0.049425,0.060723,0.035209,0.035209,0.00235,0.00235,1,2,Reprojection,,,,,,,,,,,,
25,2022-3-17-14:48:46,../QOE/FreezeTest/FreezeType_Reprojection/64A.txt,0,0,0,0,3,3,64,0.033749,0,0.033242,0.029349,0.028722,0.028722,0.000198,0.000198,1,3,Reprojection,,,,,,,,,,,,
25,2022-3-17-14:49:18,../QOE/FreezeTest/FreezeType_Normal/01A.txt,0,2,2,0,5,3,1,0.061417,0.055445,0.072956,0.048529,0.016379,0.01611,0.003107,0.003054,1,4,Normal,,,,,,,,,,,,
25,2022-3-17-14:49:47,../QOE/FreezeTest/FreezeType_Normal/04B.txt,0,2,2,0,5,3,4,0.021859,0.02168,0.024346,0.018971,0.055137,0.051927,0.001199,0.001476,1,5,Normal,,,,,,,,,,,,
25,2022-3-17-14:50:14,../QOE/FreezeTest/FreezeType_Reprojection/02A.txt,0,0,0,0,5,3,2,0.010777,0,0.013279,0.030456,0.00532,0.00532,0.000821,0.000821,1,6,Reprojection,,,,,,,,,,,,
25,2022-3-17-14:50:42,../QOE/FreezeTest/FreezeType_Normal/02B.txt,0,0,0,0,4,3,2,0.031661,0.031002,0.028532,0.025696,0.037654,0.036888,0.003192,0.003016,1,7,Normal,,,,,,,,,,,,
25,2022-3-17-14:51:17,../QOE/FreezeTest/FreezeType_Normal/08A.txt,0,1,1,0,5,3,8,0.057483,0.056474,0.071891,0.058052,0.03113,0.031215,0.003078,0.003244,1,8,Normal,,,,,,,,,,,,
25,2022-3-17-14:51:43,../QOE/FreezeTest/FreezeType_Reprojection/32A.txt,0,0,0,0,3,3,32,0.032365,0,0.047306,0.073941,0.005808,0.005808,0.000837,0.000837,1,9,Reprojection,,,,,,,,,,,,
25,2022-3-17-14:52:10,../QOE/FreezeTest/FreezeType_Reprojection/00A.txt,0,1,1,0,5,3,0,0,0,0,0,0,0,0,0,1,10,Reprojection,,,,,,,,,,,,
25,2022-3-17-14:52:38,../QOE/FreezeTest/FreezeType_Reprojection/08A.txt,0,2,2,0,4,3,8,0.018497,0,0.010555,0.042952,0.002883,0.002883,0.0006,0.0006,1,11,Reprojection,,,,,,,,,,,,
25,2022-3-17-14:53:5,../QOE/FreezeTest/FreezeType_Reprojection/16A.txt,0,1,1,0,3,3,16,0.039905,0,0.040216,0.059829,0.019761,0.019761,0.002896,0.002896,1,12,Reprojection,,,,,,,,,,,,
25,2022-3-17-14:53:26,../QOE/FreezeTest/FreezeType_Normal/16A.txt,0,0,0,0,5,4,16,0.034872,0.036985,0.042612,0.036101,0.025893,0.0279,0.002425,0.002194,1,13,Normal,,,,,,,,,,,,
25,2022-3-17-14:53:50,../QOE/FreezeTest/FreezeType_Normal/64A.txt,0,2,2,0,1,3,64,0.036672,0.039137,0.072295,0.012966,0.014966,0.003844,0.002105,0.001581,1,14,Normal,,,,,,,,,,,,
25,2022-3-17-14:54:11,../QOE/FreezeTest/FreezeType_Normal/00A.txt,0,2,2,0,5,3,0,0,0,0,0,0,0,0,0,1,15,Normal,,,,,,,,,,,,
25,2022-3-17-14:54:34,../QOE/FreezeTest/FreezeType_Normal/32A.txt,0,1,1,0,1,4,32,0.011577,0.012145,0.051084,0.014723,0.00396,0.006209,0.000738,0.001179,1,16,Normal,,,,,,,,,,,,
26,2022-3-17-15:0:45,../QOE/FreezeTest/FreezeType_Normal/32A.txt,0,1,1,0,3,3,32,0.002942,0.004197,0.034887,0.040789,0.002429,0.032903,0.000719,0.004044,1,1,Normal,,,,,,,,,,,,
26,2022-3-17-15:1:17,../QOE/FreezeTest/FreezeType_Reprojection/01B.txt,0,0,0,0,4,2,1,0.020902,0,0.022814,0.023191,0.016125,0.016125,0.003349,0.003349,1,2,Reprojection,,,,,,,,,,,,
26,2022-3-17-15:1:49,../QOE/FreezeTest/FreezeType_Normal/02B.txt,0,2,2,0,4,3,2,0.021884,0.020887,0.022179,0.012362,0.011237,0.007704,0.001679,0.001327,1,3,Normal,,,,,,,,,,,,
26,2022-3-17-15:2:26,../QOE/FreezeTest/FreezeType_Reprojection/32B.txt,0,0,0,0,4,4,32,0.028264,0,0.027951,0.026947,0.016832,0.016832,0.001836,0.001836,1,4,Reprojection,,,,,,,,,,,,
26,2022-3-17-15:2:54,../QOE/FreezeTest/FreezeType_Normal/08B.txt,0,0,0,0,3,3,8,0.03389,0.032897,0.048424,0.033509,0.016534,0.016577,0.00126,0.00143,1,5,Normal,,,,,,,,,,,,
26,2022-3-17-15:3:24,../QOE/FreezeTest/FreezeType_Reprojection/64A.txt,0,1,1,0,3,3,64,0.037097,0,0.040282,0.057408,0.028469,0.028469,0.001577,0.001577,1,6,Reprojection,,,,,,,,,,,,
26,2022-3-17-15:3:48,../QOE/FreezeTest/FreezeType_Normal/01B.txt,0,0,0,0,4,3,1,0.049322,0.052016,0.073038,0.055464,0.03926,0.037258,0.005334,0.005338,1,7,Normal,,,,,,,,,,,,
26,2022-3-17-15:4:19,../QOE/FreezeTest/FreezeType_Normal/00A.txt,0,1,1,0,4,3,0,0,0,0,0,0,0,0,0,1,8,Normal,,,,,,,,,,,,
26,2022-3-17-15:4:52,../QOE/FreezeTest/FreezeType_Normal/64A.txt,0,0,0,0,2,3,64,0.014865,0.015676,0.047121,0.02499,0.007681,0.012354,0.001195,0.004016,1,9,Normal,,,,,,,,,,,,
26,2022-3-17-15:5:16,../QOE/FreezeTest/FreezeType_Reprojection/04B.txt,0,1,1,0,3,3,4,0.047452,0,0.052614,0.07669,0.023151,0.023151,0.002455,0.002455,1,10,Reprojection,,,,,,,,,,,,
26,2022-3-17-15:5:43,../QOE/FreezeTest/FreezeType_Reprojection/16B.txt,0,0,0,0,4,3,16,0.028761,0,0.028218,0.05459,0.012551,0.012551,0.00073,0.00073,1,11,Reprojection,,,,,,,,,,,,
26,2022-3-17-15:6:12,../QOE/FreezeTest/FreezeType_Reprojection/08A.txt,0,1,1,0,3,2,8,0.025822,0,0.035727,0.084074,0.007801,0.007801,0.002655,0.002655,1,12,Reprojection,,,,,,,,,,,,
26,2022-3-17-15:6:47,../QOE/FreezeTest/FreezeType_Reprojection/02A.txt,0,1,0,1,3,2,2,0.034744,0,0.032851,0.032538,0.029583,0.029583,0.002917,0.002917,1,13,Reprojection,,,,,,,,,,,,
26,2022-3-17-15:7:12,../QOE/FreezeTest/FreezeType_Normal/04B.txt,0,0,1,-1,3,3,4,0.009687,0.012653,0.041289,0.02694,0.005574,0.010314,0.000831,0.001589,1,14,Normal,,,,,,,,,,,,
26,2022-3-17-15:7:38,../QOE/FreezeTest/FreezeType_Reprojection/00A.txt,0,1,1,0,3,3,0,0,0,0,0,0,0,0,0,1,15,Reprojection,,,,,,,,,,,,
26,2022-3-17-15:8:6,../QOE/FreezeTest/FreezeType_Normal/16A.txt,0,0,0,0,3,3,16,0.053198,0.052465,0.058465,0.039094,0.022321,0.026085,0.00513,0.002299,1,16,Normal,,,,,,,,,,,,
27,2022-3-17-15:15:50,../QOE/FreezeTest/FreezeType_Reprojection/04A.txt,0,0,0,0,5,5,4,0.039208,0,0.04369,0.046855,0.029593,0.029593,0.002068,0.002068,1,1,Reprojection,,,,,,,,,,,,
27,2022-3-17-15:16:35,../QOE/FreezeTest/FreezeType_Normal/64B.txt,0,2,2,0,3,4,64,0.024796,0.02539,0.071771,0.042955,0.016601,0.011582,0.001422,0.001443,1,2,Normal,,,,,,,,,,,,
27,2022-3-17-15:17:22,../QOE/FreezeTest/FreezeType_Normal/01B.txt,0,2,2,0,5,5,1,0.0265,0.026299,0.031159,0.021097,0.009496,0.008653,0.001629,0.001589,1,3,Normal,,,,,,,,,,,,
27,2022-3-17-15:18:11,../QOE/FreezeTest/FreezeType_Normal/04A.txt,0,1,1,0,5,5,4,0.025889,0.026459,0.029557,0.029406,0.015494,0.015846,0.001673,0.001274,1,4,Normal,,,,,,,,,,,,
27,2022-3-17-15:18:47,../QOE/FreezeTest/FreezeType_Normal/16B.txt,0,2,2,0,3,5,16,0.019046,0.020397,0.083031,0.017763,0.007406,0.006582,0.000649,0.000747,1,5,Normal,,,,,,,,,,,,
27,2022-3-17-15:19:32,../QOE/FreezeTest/FreezeType_Normal/32B.txt,0,2,2,0,3,5,32,0.021394,0.020636,0.023619,0.011227,0.012508,0.008319,0.001939,0.000428,1,6,Normal,,,,,,,,,,,,
27,2022-3-17-15:19:56,../QOE/FreezeTest/FreezeType_Normal/08A.txt,0,1,1,0,4,5,8,0.009657,0.009273,0.019347,0.00473,0.005087,0.003275,0.000466,0.000434,1,7,Normal,,,,,,,,,,,,
27,2022-3-17-15:20:17,../QOE/FreezeTest/FreezeType_Reprojection/32A.txt,0,2,1,1,4,5,32,0.021745,0,0.022674,0.022731,0.015892,0.015892,0.001822,0.001822,1,8,Reprojection,,,,,,,,,,,,
27,2022-3-17-15:20:41,../QOE/FreezeTest/FreezeType_Reprojection/08A.txt,0,1,1,0,5,5,8,0.050018,0,0.054436,0.049325,0.025394,0.025394,0.002638,0.002638,1,9,Reprojection,,,,,,,,,,,,
27,2022-3-17-15:21:4,../QOE/FreezeTest/FreezeType_Reprojection/02B.txt,0,1,1,0,5,5,2,0.022644,0,0.022302,0.02553,0.036809,0.036809,0.002068,0.002068,1,10,Reprojection,,,,,,,,,,,,
27,2022-3-17-15:21:26,../QOE/FreezeTest/FreezeType_Reprojection/16B.txt,0,0,0,0,4,5,16,0.027723,0,0.01926,0.038109,0.006584,0.006584,0.001539,0.001539,1,11,Reprojection,,,,,,,,,,,,
27,2022-3-17-15:21:47,../QOE/FreezeTest/FreezeType_Reprojection/00A.txt,0,1,1,0,5,5,0,0,0,0,0,0,0,0,0,1,12,Reprojection,,,,,,,,,,,,
27,2022-3-17-15:22:16,../QOE/FreezeTest/FreezeType_Reprojection/64B.txt,0,1,0,1,4,4,64,0.047146,0,0.055168,0.080492,0.025423,0.025423,0.003348,0.003348,1,13,Reprojection,,,,,,,,,,,,
27,2022-3-17-15:22:48,../QOE/FreezeTest/FreezeType_Normal/02B.txt,0,1,1,0,4,5,2,0.066757,0.066115,0.097901,0.06368,0.018765,0.018192,0.003511,0.003548,1,14,Normal,,,,,,,,,,,,
27,2022-3-17-15:23:8,../QOE/FreezeTest/FreezeType_Normal/00A.txt,0,0,0,0,5,5,0,0,0,0,0,0,0,0,0,1,15,Normal,,,,,,,,,,,,
27,2022-3-17-15:23:29,../QOE/FreezeTest/FreezeType_Reprojection/01A.txt,0,3,3,0,5,5,1,0.049507,0,0.048591,0.048491,0.019556,0.019556,0.003922,0.003922,1,16,Reprojection,,,,,,,,,,,,
28,2022-3-17-15:31:15,../QOE/FreezeTest/FreezeType_Reprojection/16A.txt,0,1,1,0,5,1,16,0.019092,0,0.022489,0.064902,0.00657,0.00657,0.000684,0.000684,1,1,Reprojection,,,,,,,,,,,,
28,2022-3-17-15:32:21,../QOE/FreezeTest/FreezeType_Reprojection/64A.txt,0,0,0,0,5,5,64,0.062192,0,0.069803,0.104149,0.02276,0.02276,0.003506,0.003506,1,2,Reprojection,,,,,,,,,,,,
28,2022-3-17-15:33:22,../QOE/FreezeTest/FreezeType_Reprojection/32A.txt,0,2,1,1,3,5,32,0.01408,0,0.024263,0.058249,0.006544,0.006544,0.001201,0.001201,1,3,Reprojection,,,,,,,,,,,,
28,2022-3-17-15:33:59,../QOE/FreezeTest/FreezeType_Normal/16B.txt,0,1,1,0,2,5,16,0.000443,0.000559,0.039205,0.001504,0.001475,0.000911,0.00042,0.000341,1,4,Normal,,,,,,,,,,,,
28,2022-3-17-15:34:33,../QOE/FreezeTest/FreezeType_Reprojection/02B.txt,0,3,2,1,5,5,2,0.03208,0,0.032091,0.033121,0.049197,0.049197,0.003943,0.003943,1,5,Reprojection,,,,,,,,,,,,
28,2022-3-17-15:35:29,../QOE/FreezeTest/FreezeType_Normal/01B.txt,0,0,2,-2,5,5,1,0.006137,0.005483,0.009296,0.002001,0.002076,0.001811,0.000229,0.000176,1,6,Normal,,,,,,,,,,,,
28,2022-3-17-15:35:56,../QOE/FreezeTest/FreezeType_Normal/04A.txt,0,1,5,-4,5,5,4,0.047271,0.047228,0.059068,0.045323,0.039014,0.032934,0.003746,0.00329,1,7,Normal,,,,,,,,,,,,
28,2022-3-17-15:36:20,../QOE/FreezeTest/FreezeType_Reprojection/04B.txt,0,1,3,-2,5,5,4,0.074139,0,0.078266,0.077871,0.067257,0.067257,0.006669,0.006669,1,8,Reprojection,,,,,,,,,,,,
28,2022-3-17-15:37:38,../QOE/FreezeTest/FreezeType_Normal/64B.txt,0,3,2,1,1,3,64,0.034649,0.034162,0.044497,0.038948,0.02587,0.024774,0.006024,0.002496,1,9,Normal,,,,,,,,,,,,
28,2022-3-17-15:38:9,../QOE/FreezeTest/FreezeType_Reprojection/08B.txt,0,3,4,-1,5,5,8,0.040472,0,0.040888,0.033141,0.021786,0.021786,0.004638,0.004638,1,10,Reprojection,,,,,,,,,,,,
28,2022-3-17-15:38:37,../QOE/FreezeTest/FreezeType_Reprojection/00A.txt,0,0,0,0,5,5,0,0,0,0,0,0,0,0,0,1,11,Reprojection,,,,,,,,,,,,
28,2022-3-17-15:39:5,../QOE/FreezeTest/FreezeType_Normal/32A.txt,0,0,0,0,1,5,32,0.036208,0.036574,0.060864,0.048117,0.036454,0.025187,0.005132,0.001153,1,12,Normal,,,,,,,,,,,,
28,2022-3-17-15:39:27,../QOE/FreezeTest/FreezeType_Normal/02A.txt,0,3,3,0,5,5,2,0.023348,0.019395,0.035464,0.005439,0.005515,0.004482,0.001003,0.000739,1,13,Normal,,,,,,,,,,,,
28,2022-3-17-15:39:48,../QOE/FreezeTest/FreezeType_Reprojection/01B.txt,0,1,1,0,5,5,1,0.023325,0,0.029552,0.03296,0.011575,0.011575,0.002709,0.002709,1,14,Reprojection,,,,,,,,,,,,
28,2022-3-17-15:40:9,../QOE/FreezeTest/FreezeType_Normal/08B.txt,0,3,3,0,3,5,8,0.037245,0.036583,0.072748,0.017457,0.012382,0.00817,0.005451,0.005113,1,15,Normal,,,,,,,,,,,,
28,2022-3-17-15:40:31,../QOE/FreezeTest/FreezeType_Normal/00A.txt,0,0,1,-1,5,5,0,0,0,0,0,0,0,0,0,1,16,Normal,,,,,,,,,,,,
29,2022-3-17-15:53:2,../QOE/FreezeTest/FreezeType_Reprojection/16A.txt,0,3,3,0,5,5,16,0.074338,0,0.076453,0.086607,0.068067,0.068067,0.007631,0.007631,1,1,Reprojection,,,,,,,,,,,,
29,2022-3-17-15:53:32,../QOE/FreezeTest/FreezeType_Reprojection/01A.txt,0,3,3,0,5,4,1,0.026153,0,0.026939,0.027854,0.036278,0.036278,0.0021,0.0021,1,2,Reprojection,,,,,,,,,,,,
29,2022-3-17-15:53:58,../QOE/FreezeTest/FreezeType_Reprojection/32B.txt,0,1,1,0,4,5,32,0.032718,0,0.030924,0.09236,0.010098,0.010098,0.000354,0.000354,1,3,Reprojection,,,,,,,,,,,,
29,2022-3-17-15:54:22,../QOE/FreezeTest/FreezeType_Normal/08B.txt,0,1,1,0,4,5,8,0.022705,0.022208,0.074872,0.012986,0.007412,0.004758,0.000562,0.000443,1,4,Normal,,,,,,,,,,,,
29,2022-3-17-15:54:44,../QOE/FreezeTest/FreezeType_Normal/02B.txt,0,1,1,0,5,5,2,0.015706,0.021956,0.064974,0.05426,0.009866,0.016726,0.001322,0.002187,1,5,Normal,,,,,,,,,,,,
29,2022-3-17-15:55:12,../QOE/FreezeTest/FreezeType_Reprojection/64B.txt,0,1,1,0,2,5,64,0.059511,0,0.059242,0.073573,0.023167,0.023167,0.002883,0.002883,1,6,Reprojection,,,,,,,,,,,,
29,2022-3-17-15:55:34,../QOE/FreezeTest/FreezeType_Reprojection/02A.txt,0,2,2,0,5,4,2,0.063656,0,0.061791,0.06428,0.044597,0.044597,0.002866,0.002866,1,7,Reprojection,,,,,,,,,,,,
29,2022-3-17-15:55:57,../QOE/FreezeTest/FreezeType_Reprojection/04A.txt,0,1,1,0,5,4,4,0.063749,0,0.062497,0.101162,0.033262,0.033262,0.001998,0.001998,1,8,Reprojection,,,,,,,,,,,,
29,2022-3-17-15:56:21,../QOE/FreezeTest/FreezeType_Normal/00A.txt,0,0,0,0,2,4,0,0,0,0,0,0,0,0,0,1,9,Normal,,,,,,,,,,,,
29,2022-3-17-15:56:42,../QOE/FreezeTest/FreezeType_Normal/64A.txt,0,1,1,0,1,4,64,0.024192,0.024252,0.044479,0.021187,0.01179,0.008832,0.001689,0.001609,1,10,Normal,,,,,,,,,,,,
29,2022-3-17-15:57:3,../QOE/FreezeTest/FreezeType_Normal/04A.txt,0,1,1,0,5,5,4,0.027848,0.028367,0.025308,0.027142,0.021158,0.015811,0.002966,0.002194,1,11,Normal,,,,,,,,,,,,
29,2022-3-17-15:57:24,../QOE/FreezeTest/FreezeType_Normal/01B.txt,0,1,1,0,3,3,1,0.058872,0.059176,0.072579,0.058151,0.021413,0.02018,0.001029,0.000886,1,12,Normal,,,,,,,,,,,,
29,2022-3-17-15:57:44,../QOE/FreezeTest/FreezeType_Reprojection/00A.txt,0,1,1,0,5,3,0,0,0,0,0,0,0,0,0,1,13,Reprojection,,,,,,,,,,,,
29,2022-3-17-15:58:7,../QOE/FreezeTest/FreezeType_Normal/32A.txt,0,2,2,0,2,2,32,0.035272,0.035321,0.04643,0.040262,0.042156,0.046026,0.002218,0.000976,1,14,Normal,,,,,,,,,,,,
29,2022-3-17-15:58:26,../QOE/FreezeTest/FreezeType_Normal/16A.txt,0,0,0,0,2,3,16,0.043326,0.042921,0.049187,0.054897,0.041121,0.027617,0.004423,0.003158,1,15,Normal,,,,,,,,,,,,
29,2022-3-17-15:58:49,../QOE/FreezeTest/FreezeType_Reprojection/08A.txt,0,3,3,0,5,3,8,0.063462,0,0.061887,0.066101,0.051897,0.051897,0.005016,0.005016,1,16,Reprojection,,,,,,,,,,,,